idx,RX,RY,RZ,RSRP,NR Serving PCI,TX,TY,TZ,dist
1,325914.3338,4151230.631,18.25,-101,1,326243.9057,4151117.936,50.55,349.8015013
2,325915.4252,4151227.839,18.33,-101,1,326243.9057,4151117.936,50.55,347.8738804
3,325916.5167,4151225.046,18.33,-97,1,326243.9057,4151117.936,50.55,345.9685503
4,325917.6081,4151222.255,18.33,-97,1,326243.9057,4151117.936,50.55,344.0795052
5,325918.6907,4151219.463,18.41,-97,1,326243.9057,4151117.936,50.55,342.2068199
6,325919.7822,4151216.67,18.41,-97,1,326243.9057,4151117.936,50.55,340.3489762
7,325920.8736,4151213.878,18.41,-102,1,326243.9057,4151117.936,50.55,338.5078797
8,325921.9651,4151211.085,18.41,-106,1,326243.9057,4151117.936,50.55,336.6830345
9,325923.0566,4151208.294,18.41,-101,1,326243.9057,4151117.936,50.55,334.8756377
10,325924.148,4151205.501,18.41,-96,1,326243.9057,4151117.936,50.55,333.0849674
11,325925.2395,4151202.709,18.41,-101,1,326243.9057,4151117.936,50.55,331.3119197
12,325926.3309,4151199.916,18.41,-93,1,326243.9057,4151117.936,50.55,329.5564498
13,325927.4135,4151197.124,18.76,-102,1,326243.9057,4151117.936,50.55,327.7936182
14,325928.505,4151194.332,18.76,-95,1,326243.9057,4151117.936,50.55,326.0744616
15,325929.5964,4151191.54,18.76,-99,1,326243.9057,4151117.936,50.55,324.3739955
16,325930.6879,4151188.747,18.88,-95,1,326243.9057,4151117.936,50.55,322.6803013
17,325931.7794,4151185.955,18.88,-98,1,326243.9057,4151117.936,50.55,321.0177572
18,325932.8708,4151183.163,18.88,-97,1,326243.9057,4151117.936,50.55,319.3747946
19,325933.9623,4151180.371,18.88,-90,1,326243.9057,4151117.936,50.55,317.7515214
20,325935.0538,4151177.579,19.01,-92,1,326243.9057,4151117.936,50.55,316.1353431
21,325936.1364,4151174.786,19.01,-93,1,326243.9057,4151117.936,50.55,314.5610213
22,325937.2278,4151171.994,19.01,-93,1,326243.9057,4151117.936,50.55,312.9989989
23,325938.3193,4151169.201,19.14,-91,1,326243.9057,4151117.936,50.55,311.4445957
24,325939.4107,4151166.409,19.14,-90,1,326243.9057,4151117.936,50.55,309.9248697
25,325940.5022,4151163.617,19.27,-95,1,326243.9057,4151117.936,50.55,308.4134822
26,325941.5937,4151160.825,19.27,-92,1,326243.9057,4151117.936,50.55,306.9372087
27,325942.6852,4151158.032,19.4,-94,1,326243.9057,4151117.936,50.55,305.4698043
28,325943.7678,4151155.24,19.4,-91,1,326243.9057,4151117.936,50.55,304.0471508
29,325944.8592,4151152.448,19.4,-91,1,326243.9057,4151117.936,50.55,302.6387447
30,325945.9507,4151149.656,19.4,-96,1,326243.9057,4151117.936,50.55,301.2534862
31,325948.1337,4151144.071,19.54,-97,1,326243.9057,4151117.936,50.55,298.5393346
32,325949.2251,4151141.279,19.54,-98,1,326243.9057,4151117.936,50.55,297.2257926
33,325950.3166,4151138.486,19.82,-89,1,326243.9057,4151117.936,50.55,295.9074096
34,325951.4081,4151135.695,19.82,-88,1,326243.9057,4151117.936,50.55,294.6431078
35,325952.4907,4151132.903,19.82,-93,1,326243.9057,4151117.936,50.55,293.4127574
36,325953.5822,4151130.11,19.82,-96,1,326243.9057,4151117.936,50.55,292.1990312
37,325954.6737,4151127.318,19.82,-97,1,326243.9057,4151117.936,50.55,291.0111762
38,325955.7651,4151124.525,19.82,-95,1,326243.9057,4151117.936,50.55,289.8495354
39,325956.8566,4151121.734,19.82,-97,1,326243.9057,4151117.936,50.55,288.7142939
40,325957.9481,4151118.941,20.09,-97,1,326243.9057,4151117.936,50.55,287.577069
41,325959.0396,4151116.149,20.09,-98,1,326243.9057,4151117.936,50.55,286.4955495
42,325960.1311,4151113.356,20.26,-98,1,326243.9057,4151117.936,50.55,285.4233419
43,325961.2137,4151110.564,20.26,-98,1,326243.9057,4151117.936,50.55,284.4056915
44,325962.3052,4151107.773,20.29,-98,1,326243.9057,4151117.936,50.55,283.4039445
45,325963.3967,4151104.98,20.29,-99,1,326243.9057,4151117.936,50.55,282.4337526
46,325964.4882,4151102.188,20.29,-98,1,326243.9057,4151117.936,50.55,281.4921072
47,325965.5796,4151099.395,20.33,-97,1,326243.9057,4151117.936,50.55,280.575186
48,325966.6711,4151096.603,20.33,-98,1,326243.9057,4151117.936,50.55,279.69156
49,325967.7626,4151093.811,20.33,-99,1,326243.9057,4151117.936,50.55,278.8373643
50,325968.8541,4151091.019,20.33,-99,1,326243.9057,4151117.936,50.55,278.0128701
51,325969.9367,4151088.227,20.52,-98,1,326243.9057,4151117.936,50.55,277.2064908
52,325971.0282,4151085.434,20.52,-99,1,326243.9057,4151117.936,50.55,276.4422379
53,325972.1197,4151082.642,20.52,-99,1,326243.9057,4151117.936,50.55,275.7083552
54,325973.2112,4151079.85,20.52,-99,1,326243.9057,4151117.936,50.55,275.0051938
55,325974.3027,4151077.058,20.56,-99,1,326243.9057,4151117.936,50.55,274.3286142
56,325975.3942,4151074.265,20.56,-100,1,326243.9057,4151117.936,50.55,273.6877454
57,325975.3942,4151074.265,20.56,-97,1,326243.9057,4151117.936,50.55,273.6877454
58,325977.5683,4151068.68,20.59,-99,1,326243.9057,4151117.936,50.55,272.505717
59,325978.6598,4151065.888,20.59,-100,1,326243.9057,4151117.936,50.55,271.9595252
60,325979.7513,4151063.097,20.76,-99,1,326243.9057,4151117.936,50.55,271.4264303
61,325980.8428,4151060.304,20.76,-100,1,326243.9057,4151117.936,50.55,270.9446085
62,325981.9343,4151057.512,20.79,-101,1,326243.9057,4151117.936,50.55,270.4916483
63,325983.0258,4151054.719,20.79,-99,1,326243.9057,4151117.936,50.55,270.0747469
64,325984.1173,4151051.927,20.79,-98,1,326243.9057,4151117.936,50.55,269.690301
65,325985.2088,4151049.135,20.82,-100,1,326243.9057,4151117.936,50.55,269.3353608
66,325986.2915,4151046.343,20.82,-101,1,326243.9057,4151117.936,50.55,269.025104
67,325987.383,4151043.551,20.82,-100,1,326243.9057,4151117.936,50.55,268.7394588
68,325988.4745,4151040.758,20.82,-99,1,326243.9057,4151117.936,50.55,268.4872707
69,325989.566,4151037.966,20.98,-99,1,326243.9057,4151117.936,50.55,268.2503845
70,325990.6575,4151035.174,20.98,-100,1,326243.9057,4151117.936,50.55,268.0645153
71,325991.749,4151032.382,20.98,-95,1,326243.9057,4151117.936,50.55,267.9120624
72,325992.8405,4151029.589,20.98,-97,1,326243.9057,4151117.936,50.55,267.7934128
73,325993.932,4151026.797,21.01,-100,1,326243.9057,4151117.936,50.55,267.70465
74,325995.0146,4151024.004,21.01,-99,1,326243.9057,4151117.936,50.55,267.6613754
75,325996.1062,4151021.213,21.01,-95,1,326243.9057,4151117.936,50.55,267.6425649
76,325997.1977,4151018.421,21.04,-92,1,326243.9057,4151117.936,50.55,267.6544649
77,325998.2892,4151015.628,21.04,-98,1,326243.9057,4151117.936,50.55,267.7036272
78,326000.7326,4151016.572,21.36,-95,1,326243.9057,4151117.936,50.55,265.0657902
79,326003.1848,4151017.514,21.36,-91,1,326243.9057,4151117.936,50.55,262.4560647
80,326005.6281,4151018.457,21.36,-91,1,326243.9057,4151117.936,50.55,259.8544635
81,326008.0804,4151019.401,21.36,-89,1,326243.9057,4151117.936,50.55,257.244581
82,326010.5237,4151020.343,21.65,-85,1,326243.9057,4151117.936,50.55,254.6110005
83,326012.976,4151021.287,21.65,-81,1,326243.9057,4151117.936,50.55,252.0015189
84,326015.4194,4151022.23,21.65,-83,1,326243.9057,4151117.936,50.55,249.4009577
85,326017.8716,4151023.173,21.65,-84,1,326243.9057,4151117.936,50.55,246.7927279
86,326020.3149,4151024.116,22.29,-93,1,326243.9057,4151117.936,50.55,244.1181391
87,326022.7672,4151025.059,22.29,-89,1,326243.9057,4151117.936,50.55,241.5098361
88,326025.2105,4151026.003,22.29,-89,1,326243.9057,4151117.936,50.55,238.9098043
89,326027.6627,4151026.945,22.29,-87,5,326227.519,4151249.798,48.88,300.5212611
90,326030.1061,4151027.888,22.61,-87,5,326227.519,4151249.798,48.88,298.1711154
91,326032.5584,4151028.832,22.61,-87,5,326227.519,4151249.798,48.88,295.8474634
92,326035.0017,4151029.774,22.56,-85,5,326227.519,4151249.798,48.88,293.5408213
93,326037.4539,4151030.718,22.56,-86,5,326227.519,4151249.798,48.88,291.2276275
94,326039.8973,4151031.661,22.87,-85,5,326227.519,4151249.798,48.88,288.8982056
95,326042.3495,4151032.603,22.87,-88,5,326227.519,4151249.798,48.88,286.5971595
96,326044.7929,4151033.547,22.87,-86,5,326227.519,4151249.798,48.88,284.3058964
97,326047.2451,4151034.49,22.87,-87,5,326227.519,4151249.798,48.88,282.0154854
98,326049.6885,4151035.433,23.19,-84,5,326227.519,4151249.798,48.88,279.7070182
99,326052.1407,4151036.376,23.19,-86,5,326227.519,4151249.798,48.88,277.4283228
100,326054.5841,4151037.32,23.19,-86,5,326227.519,4151249.798,48.88,275.1606008
101,326057.0363,4151038.263,23.19,-82,5,326227.519,4151249.798,48.88,272.8944546
102,326059.4796,4151039.205,23.19,-84,5,326227.519,4151249.798,48.88,270.6411419
103,326061.9318,4151040.149,23.45,-83,5,326227.519,4151249.798,48.88,268.3626444
104,326064.3752,4151041.092,23.45,-83,5,326227.519,4151249.798,48.88,266.1217368
105,326066.8274,4151042.035,23.45,-82,5,326227.519,4151249.798,48.88,263.8824348
106,326069.2708,4151042.978,23.45,-82,5,326227.519,4151249.798,48.88,261.6556709
107,326071.7141,4151043.922,23.76,-82,5,326227.519,4151249.798,48.88,259.405298
108,326074.1663,4151044.864,23.76,-80,5,326227.519,4151249.798,48.88,257.1886649
109,326076.6097,4151045.807,23.76,-81,5,326227.519,4151249.798,48.88,254.9842334
110,326079.0619,4151046.751,23.76,-82,5,326227.519,4151249.798,48.88,252.7817421
111,326081.5053,4151047.693,24.39,-80,5,326227.519,4151249.798,48.88,250.5318178
112,326083.9575,4151048.637,24.39,-80,5,326227.519,4151249.798,48.88,248.3453489
113,326086.4008,4151049.58,24.27,-80,5,326227.519,4151249.798,48.88,246.1853895
114,326088.8531,4151050.524,24.27,-77,5,326227.519,4151249.798,48.88,244.0164154
115,326091.2964,4151051.466,24.85,-75,5,326227.519,4151249.798,48.88,241.8049211
116,326093.7486,4151052.409,24.85,-80,5,326227.519,4151249.798,48.88,239.6547061
117,326096.192,4151053.353,24.85,-84,5,326227.519,4151249.798,48.88,237.5181253
118,326098.6442,4151054.295,24.85,-86,5,326227.519,4151249.798,48.88,235.3881433
119,326101.0875,4151055.239,24.85,-84,5,326227.519,4151249.798,48.88,233.2714504
120,326103.5397,4151056.182,24.85,-82,5,326227.519,4151249.798,48.88,231.1611195
121,326105.9831,4151057.125,24.85,-84,5,326227.519,4151249.798,48.88,229.0661494
122,326108.4353,4151058.068,24.85,-82,5,326227.519,4151249.798,48.88,226.9774469
123,326110.8786,4151059.012,25.42,-82,5,326227.519,4151249.798,48.88,224.8436175
124,326113.3308,4151059.954,25.42,-86,5,326227.519,4151249.798,48.88,222.7780531
125,326115.7742,4151060.897,25.42,-87,5,326227.519,4151249.798,48.88,220.7280221
126,326118.2264,4151061.841,25.42,-87,5,326227.519,4151249.798,48.88,218.6848826
127,326120.6697,4151062.783,25.71,-97,5,326227.519,4151249.798,48.88,216.6292502
128,326123.1219,4151063.727,25.71,-90,5,326227.519,4151249.798,48.88,214.6113241
129,326125.5653,4151064.67,25.71,-93,5,326227.519,4151249.798,48.88,212.6118111
130,326128.0175,4151065.614,25.71,-97,5,326227.519,4151249.798,48.88,210.6208519
131,326130.4608,4151066.556,26.76,-100,5,326227.519,4151249.798,48.88,208.5358942
132,326132.913,4151067.499,26.76,-97,5,326227.519,4151249.798,48.88,206.573268
133,326135.3564,4151068.443,26.76,-94,5,326227.519,4151249.798,48.88,204.6286277
134,326137.8085,4151069.385,26.76,-88,5,326227.519,4151249.798,48.88,202.6971109
135,326140.2519,4151070.329,27.28,-88,5,326227.519,4151249.798,48.88,200.7267513
136,326142.6952,4151071.272,27.28,-88,5,326227.519,4151249.798,48.88,198.8294991
137,326145.1474,4151072.215,27.28,-88,5,326227.519,4151249.798,48.88,196.9450745
138,326147.5908,4151073.158,27.28,-88,5,326227.519,4151249.798,48.88,195.0814362
139,326150.043,4151074.102,27.8,-88,5,326227.519,4151249.798,48.88,193.173449
140,326152.4863,4151075.044,27.8,-88,5,326227.519,4151249.798,48.88,191.3458465
141,326154.9385,4151075.987,27.8,-88,5,326227.519,4151249.798,48.88,189.5324751
142,326157.3818,4151076.931,27.8,-88,5,326227.519,4151249.798,48.88,187.7407599
143,326159.834,4151077.874,28.32,-92,5,326227.519,4151249.798,48.88,185.9081348
144,326162.2774,4151078.817,28.32,-88,5,326227.519,4151249.798,48.88,184.1566788
145,326164.7296,4151079.76,27.78,-88,5,326227.519,4151249.798,48.88,182.48463
146,326167.1729,4151080.704,27.78,-88,5,326227.519,4151249.798,48.88,180.7751162
147,326169.6251,4151081.646,28.27,-88,5,326227.519,4151249.798,48.88,179.0295251
148,326172.0684,4151082.59,28.27,-88,5,326227.519,4151249.798,48.88,177.3641914
149,326174.5206,4151083.533,28.27,-88,5,326227.519,4151249.798,48.88,175.7203822
150,326176.9639,4151084.476,28.27,-88,5,326227.519,4151249.798,48.88,174.1032852
151,326179.4161,4151085.419,28.27,-88,5,326227.519,4151249.798,48.88,172.5083092
152,326181.8595,4151086.363,28.75,-88,5,326227.519,4151249.798,48.88,170.8830187
153,326184.3116,4151087.305,28.75,-88,5,326227.519,4151249.798,48.88,169.3401056
154,326186.755,4151088.248,28.75,-88,5,326227.519,4151249.798,48.88,167.8252755
155,326189.2072,4151089.192,28.75,-88,5,326227.519,4151249.798,48.88,166.3348976
156,326191.6505,4151090.134,28.39,-88,5,326227.519,4151249.798,48.88,164.9211396
157,326194.1027,4151091.078,28.39,-88,5,326227.519,4151249.798,48.88,163.4886161
158,326196.546,4151092.021,28.39,-88,5,326227.519,4151249.798,48.88,162.0887058
159,326198.9982,4151092.965,28.39,-88,5,326227.519,4151249.798,48.88,160.716726
160,326201.4415,4151093.907,28.77,-88,5,326227.519,4151249.798,48.88,159.3312649
161,326203.8937,4151094.851,28.77,-88,5,326227.519,4151249.798,48.88,158.0225924
162,326206.337,4151095.794,28.77,-88,5,326227.519,4151249.798,48.88,156.7492304
163,326208.7892,4151096.736,28.77,-88,5,326227.519,4151249.798,48.88,155.5094639
164,326211.2325,4151097.68,29.15,-88,5,326227.519,4151249.798,48.88,154.2543643
165,326213.6759,4151098.624,29.15,-88,5,326227.519,4151249.798,48.88,153.0832538
166,326216.128,4151099.566,28.08,-88,5,326227.519,4151249.798,48.88,152.0922375
167,326218.5713,4151100.509,28.08,-88,5,326227.519,4151249.798,48.88,150.9963803
168,326221.0235,4151101.453,28.08,-88,5,326227.519,4151249.798,48.88,149.9368885
169,326223.4668,4151102.395,28.08,-88,5,326227.519,4151249.798,48.88,148.9184499
170,326225.919,4151103.339,28.08,-88,5,326227.519,4151249.798,48.88,147.9372796
171,326228.3623,4151104.282,28.08,-88,5,326227.519,4151249.798,48.88,146.9974742
172,326230.8145,4151105.226,28.36,-88,5,326227.519,4151249.798,48.88,146.0581867
173,326233.2578,4151106.168,28.36,-88,5,326227.519,4151249.798,48.88,145.2018634
174,326235.71,4151107.112,28.36,-88,5,326227.519,4151249.798,48.88,144.3864865
175,326238.1533,4151108.055,28.36,-88,5,326227.519,4151249.798,48.88,143.6148905
176,326240.6055,4151108.998,28.92,-89,5,326227.519,4151249.798,48.88,142.8086065
177,326243.0488,4151109.941,27.55,-90,5,326227.519,4151249.798,48.88,142.3240108
178,326245.501,4151110.885,27.55,-90,5,326227.519,4151249.798,48.88,141.6867771
179,326247.9443,4151111.827,27.55,-91,5,326227.519,4151249.798,48.88,141.0962743
180,326250.3965,4151112.771,27.72,-94,5,326227.519,4151249.798,48.88,140.5258849
181,326252.8398,4151113.714,27.72,-96,5,326227.519,4151249.798,48.88,140.0276529
182,326255.2919,4151114.656,27.72,-96,5,326227.519,4151249.798,48.88,139.5795105
183,326257.7353,4151115.6,27.72,-99,5,326227.519,4151249.798,48.88,139.1756932
184,326260.1874,4151116.543,27.93,-101,5,326227.519,4151249.798,48.88,138.7912889
185,326262.6307,4151117.486,27.93,-101,5,326227.519,4151249.798,48.88,138.4853758
186,326265.0829,4151118.429,27.93,-99,5,326227.519,4151249.798,48.88,138.2308332
187,326267.5262,4151119.373,27.93,-93,5,326227.519,4151249.798,48.88,138.0223141
188,326269.9784,4151120.316,27.32,-101,5,326227.519,4151249.798,48.88,137.9609458
189,326272.4217,4151121.259,27.32,-87,6,325955.451,4151256.136,89.3,350.0053574
190,326274.8739,4151122.202,27.32,-90,6,325955.451,4151256.136,89.3,351.8676254
191,326277.3172,4151123.146,27.32,-84,6,325955.451,4151256.136,89.3,353.7311284
192,326279.7693,4151124.088,27.58,-84,6,325955.451,4151256.136,89.3,355.5677044
193,326282.2126,4151125.032,27.58,-85,6,325955.451,4151256.136,89.3,357.4503608
194,326279.566,4151124.941,27.58,-83,6,325955.451,4151256.136,89.3,355.0662187
195,326276.9193,4151124.848,27.32,-81,6,325955.451,4151256.136,89.3,352.7320899
196,326274.2727,4151124.757,27.32,-81,6,325955.451,4151256.136,89.3,350.355874
197,326131.3351,4151119.815,24.69,-86,7,326228.2169,4151247.992,49.15,162.5229771
198,326128.6884,4151119.724,24.11,-85,7,326228.2169,4151247.992,49.15,164.272955
199,326126.0418,4151119.632,24.11,-87,7,326228.2169,4151247.992,49.15,165.9609661
200,326123.3951,4151119.541,24.11,-86,7,326228.2169,4151247.992,49.15,167.6731068
201,326120.7484,4151119.449,24.61,-84,7,326228.2169,4151247.992,49.15,169.3369214
202,326118.1018,4151119.358,24.3,-86,7,326228.2169,4151247.992,49.15,171.1419402
203,326116.3119,4151121.326,23.82,-80,7,326228.2169,4151247.992,49.15,170.9052763
204,325997.4229,4151245.29,18.75,-89,2,326052.99,4151241.566,76.8,80.44484619
205,325998.382,4151242.932,18.75,-92,2,326052.99,4151241.566,76.8,79.71011303
206,325999.3322,4151240.574,18.75,-94,2,326052.99,4151241.566,76.8,79.05660039
207,326000.2912,4151238.217,19.24,-98,2,326052.99,4151241.566,76.8,78.11230967
208,326001.2502,4151235.86,19.24,-97,2,326052.99,4151241.566,76.8,77.60617849
209,326002.2093,4151233.502,19.24,-98,2,326052.99,4151241.566,76.8,77.18070477
210,326003.1595,4151231.144,19.24,-102,2,326052.99,4151241.566,76.8,76.8430245
211,326004.1185,4151228.786,19.24,-97,2,326052.99,4151241.566,76.8,76.5826711
212,326005.0776,4151226.429,19.24,-101,2,326052.99,4151241.566,76.8,76.4060236
213,326006.0366,4151224.071,19.24,-104,2,326052.99,4151241.566,76.8,76.31415594
214,326006.9957,4151221.714,19.24,-107,2,326052.99,4151241.566,76.8,76.30682235
215,326007.9459,4151219.356,19.4,-104,2,326052.99,4151241.566,76.8,76.26935849
216,326008.9049,4151216.998,19.4,-104,2,326052.99,4151241.566,76.8,76.43194794
217,326009.864,4151214.641,19.62,-101,2,326052.99,4151241.566,76.8,76.51378896
218,326010.823,4151212.283,19.62,-102,2,326052.99,4151241.566,76.8,76.84466395
219,326011.7732,4151209.926,19.62,-101,2,326052.99,4151241.566,76.8,77.2623233
220,326012.7323,4151207.568,19.8,-101,2,326052.99,4151241.566,76.8,77.62439316
221,326013.6913,4151205.21,19.8,-99,2,326052.99,4151241.566,76.8,78.19940254
222,326014.6504,4151202.853,19.8,-108,2,326052.99,4151241.566,76.8,78.8518947
223,326016.5596,4151198.137,19.97,-100,3,325925.3433,4151245.636,89.09,123.9118347
224,326017.5187,4151195.78,19.97,-96,3,325925.3433,4151245.636,89.09,125.5368452
225,326018.4777,4151193.422,19.97,-92,3,325925.3433,4151245.636,89.09,127.1923451
226,326019.4368,4151191.065,19.97,-100,3,325925.3433,4151245.636,89.09,128.8765114
227,326020.387,4151188.707,20.65,-99,3,325925.3433,4151245.636,89.09,130.223844
228,326021.346,4151186.349,20.65,-96,3,325925.3433,4151245.636,89.09,131.9678005
229,326022.3051,4151183.991,20.65,-101,3,325925.3433,4151245.636,89.09,133.7375425
230,326024.2144,4151179.277,20.83,-94,3,325925.3433,4151245.636,89.09,137.2531927
231,326025.1734,4151176.919,20.83,-97,3,325925.3433,4151245.636,89.09,139.0953003
232,326026.1325,4151174.561,20.83,-98,3,325925.3433,4151245.636,89.09,140.9593773
233,326027.0915,4151172.203,20.83,-95,3,325925.3433,4151245.636,89.09,142.8444234
234,326028.0418,4151169.847,20.83,-97,3,325925.3433,4151245.636,89.09,144.7424679
235,326029.0008,4151167.489,21.01,-86,3,325925.3433,4151245.636,89.09,146.5834824
236,326029.9599,4151165.131,21.28,-94,3,325925.3433,4151245.636,89.09,148.4044613
237,326030.9189,4151162.773,21.28,-98,3,325925.3433,4151245.636,89.09,150.3684814
238,326031.8691,4151160.415,21.28,-96,3,325925.3433,4151245.636,89.09,152.3435624
239,326032.8282,4151158.058,21.47,-96,3,325925.3433,4151245.636,89.09,154.2574932
240,326033.7873,4151155.701,21.47,-91,3,325925.3433,4151245.636,89.09,156.2717817
241,326034.7463,4151153.343,21.47,-89,3,325925.3433,4151245.636,89.09,158.3018593
242,326035.7054,4151150.985,21.47,-87,3,325925.3433,4151245.636,89.09,160.346716
243,326036.6556,4151148.627,21.66,-88,3,325925.3433,4151245.636,89.09,162.3206059
244,326037.6147,4151146.27,21.66,-88,3,325925.3433,4151245.636,89.09,164.3936559
245,326038.5737,4151143.912,21.66,-90,3,325925.3433,4151245.636,89.09,166.4803309
246,326039.5328,4151141.555,21.93,-96,3,325925.3433,4151245.636,89.09,168.47125
247,326040.483,4151139.197,21.93,-94,3,325925.3433,4151245.636,89.09,170.5780667
248,326041.4421,4151136.839,21.93,-95,3,325925.3433,4151245.636,89.09,172.7025888
249,326042.4012,4151134.482,21.93,-91,3,325925.3433,4151245.636,89.09,174.8377227
250,326043.3602,4151132.124,21.93,-92,3,325925.3433,4151245.636,89.09,176.9842604
251,326044.3105,4151129.767,21.93,-95,3,325925.3433,4151245.636,89.09,179.1348247
252,326045.2695,4151127.409,22.12,-97,3,325925.3433,4151245.636,89.09,181.2316139
253,326046.2286,4151125.051,22.12,-94,3,325925.3433,4151245.636,89.09,183.4093206
254,326047.1877,4151122.694,22.12,-93,3,325925.3433,4151245.636,89.09,185.5957275
255,326048.1467,4151120.336,22.12,-98,3,325925.3433,4151245.636,89.09,187.7917622
256,326049.097,4151117.979,22.51,-106,3,325925.3433,4151245.636,89.09,189.8530598
257,326050.056,4151115.621,22.8,-105,3,325925.3433,4151245.636,89.09,191.9675021
258,326051.0151,4151113.263,22.8,-96,3,325925.3433,4151245.636,89.09,194.1915975
259,326051.9742,4151110.906,22.8,-91,3,325925.3433,4151245.636,89.09,196.4228139
260,326052.9244,4151108.548,22.85,-106,3,325925.3433,4151245.636,89.09,198.6398611
261,326053.8835,4151106.19,22.85,-105,3,325925.3433,4151245.636,89.09,200.8868028
262,326054.8425,4151103.832,22.85,-105,3,325925.3433,4151245.636,89.09,203.1407266
263,326055.8016,4151101.475,22.85,-98,3,325925.3433,4151245.636,89.09,205.4008266
264,326056.7519,4151099.118,22.91,-101,3,325925.3433,4151245.636,89.09,207.6428108
265,326057.7109,4151096.76,22.91,-102,3,325925.3433,4151245.636,89.09,209.916739
266,326058.67,4151094.402,22.91,-101,3,325925.3433,4151245.636,89.09,212.1968993
267,326059.802,4151094.815,23.21,-103,3,325925.3433,4151245.636,89.09,212.5236233
268,326060.9251,4151095.227,23.21,-95,2,326052.99,4151241.566,76.8,156.044727
269,326062.0571,4151095.639,23.21,-111,2,326052.99,4151241.566,76.8,155.720229
270,326063.1802,4151096.051,23.21,-113,3,325925.3433,4151245.636,89.09,213.810331
271,326064.3122,4151096.463,23.21,-110,3,325925.3433,4151245.636,89.09,214.2547864
272,326065.4353,4151096.875,23.21,-116,3,325925.3433,4151245.636,89.09,214.6992734
273,326066.5673,4151097.288,23.21,-116,3,325925.3433,4151245.636,89.09,215.154646
274,326067.6993,4151097.699,23.21,-113,5,326227.519,4151249.798,48.88,222.1157158
275,326068.8224,4151098.112,23.21,-110,5,326227.519,4151249.798,48.88,221.0253432
276,326069.9544,4151098.523,23.51,-107,5,326227.519,4151249.798,48.88,219.8962612
277,326071.0776,4151098.936,23.51,-103,5,326227.519,4151249.798,48.88,218.8078874
278,326072.2095,4151099.348,23.51,-108,5,326227.519,4151249.798,48.88,217.7151354
279,326073.3415,4151099.76,23.44,-108,5,326227.519,4151249.798,48.88,216.6317072
280,326075.5966,4151100.585,23.44,-105,5,326227.519,4151249.798,48.88,214.4577548
281,326076.7197,4151100.996,23.44,-109,5,326227.519,4151249.798,48.88,213.3767974
282,326078.9748,4151101.82,23.44,-106,3,325925.3433,4151245.636,89.09,220.4441021
283,326080.1068,4151102.233,23.8,-102,3,325925.3433,4151245.636,89.09,220.8595604
284,326081.2388,4151102.645,23.8,-100,3,325925.3433,4151245.636,89.09,221.3879335
285,326082.3619,4151103.057,23.8,-103,3,325925.3433,4151245.636,89.09,221.9152903
286,326083.4939,4151103.469,23.8,-100,5,326227.519,4151249.798,48.88,206.8439317
287,326084.617,4151103.882,23.8,-100,5,326227.519,4151249.798,48.88,205.7704232
288,326085.749,4151104.293,23.8,-103,5,326227.519,4151249.798,48.88,204.6935376
289,326086.881,4151104.706,23.8,-99,5,326227.519,4151249.798,48.88,203.6166543
290,326088.0041,4151105.117,23.8,-104,5,326227.519,4151249.798,48.88,202.5487731
291,326089.1361,4151105.53,23.8,-103,5,326227.519,4151249.798,48.88,201.4747856
292,326090.2592,4151105.942,23.8,-100,5,326227.519,4151249.798,48.88,200.4091012
293,326091.3912,4151106.354,23.8,-104,5,326227.519,4151249.798,48.88,199.3388208
294,326092.5232,4151106.766,23.8,-105,5,326227.519,4151249.798,48.88,198.2700821
295,326093.6463,4151107.178,23.8,-106,5,326227.519,4151249.798,48.88,197.2089516
296,326094.7783,4151107.59,23.8,-106,5,326227.519,4151249.798,48.88,196.1433534
297,326095.9014,4151108.003,23.8,-104,5,326227.519,4151249.798,48.88,195.084651
298,326097.0334,4151108.414,23.8,-102,5,326227.519,4151249.798,48.88,194.0230235
299,326098.1565,4151108.827,23.8,-103,5,326227.519,4151249.798,48.88,192.9675767
300,326099.2885,4151109.239,23.8,-101,5,326227.519,4151249.798,48.88,191.908572
301,326100.4205,4151109.651,24,-103,5,326227.519,4151249.798,48.88,190.8251155
302,326101.5436,4151110.063,24,-104,5,326227.519,4151249.798,48.88,189.7753568
303,326102.6756,4151110.475,24,-104,5,326227.519,4151249.798,48.88,188.7214541
304,326103.7987,4151110.887,24,-103,5,326227.519,4151249.798,48.88,187.6752327
305,326155.7013,4151129.845,24.97,-106,5,326227.519,4151249.798,48.88,141.8386137
306,326156.8333,4151130.257,24.97,-105,5,326227.519,4151249.798,48.88,140.9191505
307,326157.9564,4151130.669,24.97,-106,5,326227.519,4151249.798,48.88,140.0084357
308,326159.0884,4151131.082,24.97,-106,5,326227.519,4151249.798,48.88,139.0968144
309,326161.3434,4151131.906,25.25,-107,5,326227.519,4151249.798,48.88,137.2447106
310,326162.4754,4151132.317,25.25,-103,5,326227.519,4151249.798,48.88,136.3482019
311,326163.5985,4151132.73,25.25,-103,5,326227.519,4151249.798,48.88,135.4589379
312,326164.7305,4151133.142,25.25,-106,5,326227.519,4151249.798,48.88,134.5711521
313,326165.8536,4151133.555,25.25,-104,5,326227.519,4151249.798,48.88,133.6915611
314,326166.9856,4151133.966,25.25,-105,5,326227.519,4151249.798,48.88,132.8146138
315,326168.1176,4151134.379,25.25,-105,5,326227.519,4151249.798,48.88,131.9410807
316,326169.2407,4151134.79,25.25,-106,5,326227.519,4151249.798,48.88,131.0785155
317,326170.3726,4151135.203,25.37,-104,5,326227.519,4151249.798,48.88,130.1938753
318,326171.4958,4151135.615,25.37,-109,5,326227.519,4151249.798,48.88,129.3409314
319,326172.6277,4151136.027,25.37,-105,5,326227.519,4151249.798,48.88,128.4897481
320,326173.7508,4151136.439,25.37,-103,5,326227.519,4151249.798,48.88,127.6479624
321,326174.8828,4151136.852,25.37,-106,5,326227.519,4151249.798,48.88,126.8072891
322,326176.0148,4151137.263,25.37,-106,5,326227.519,4151249.798,48.88,125.9743186
323,326177.1379,4151137.676,25.37,-106,5,326227.519,4151249.798,48.88,125.1491839
324,326178.2699,4151138.087,25.37,-109,5,326227.519,4151249.798,48.88,124.3283615
325,326179.393,4151138.5,25.37,-109,5,326227.519,4151249.798,48.88,123.5154921
326,326180.5249,4151138.912,25.49,-107,5,326227.519,4151249.798,48.88,122.6835055
327,326183.912,4151140.149,25.16,-102,4,326046.434,4151239.016,77.29,177.179065
328,326185.0351,4151140.56,25.16,-90,4,326046.434,4151239.016,77.29,177.8240303
329,326186.1671,4151140.973,25.16,-97,4,326046.434,4151239.016,77.29,178.4805479
330,326187.299,4151141.384,25.16,-101,4,326046.434,4151239.016,77.29,179.1437762
331,326188.4222,4151141.797,25.16,-100,4,326046.434,4151239.016,77.29,179.8046712
332,326189.5541,4151142.209,25.26,-101,4,326046.434,4151239.016,77.29,180.4496583
333,326190.6773,4151142.621,25.26,-100,4,326046.434,4151239.016,77.29,181.1221867
334,326191.8092,4151143.033,25.26,-103,4,326046.434,4151239.016,77.29,181.807057
335,326192.9323,4151143.446,25.26,-99,4,326046.434,4151239.016,77.29,182.4897194
336,326194.0643,4151143.857,25.26,-96,4,326046.434,4151239.016,77.29,183.1858664
337,326193.4508,4151145.398,25.26,-88,4,326046.434,4151239.016,77.29,181.8938985
338,326192.8372,4151146.938,25.26,-95,4,326046.434,4151239.016,77.29,180.6083496
339,326192.2326,4151148.479,25.26,-97,4,326046.434,4151239.016,77.29,179.3357216
340,326191.6191,4151150.019,24.92,-98,4,326046.434,4151239.016,77.29,178.1622748
341,326191.0055,4151151.56,24.92,-101,4,326046.434,4151239.016,77.29,176.8956965
342,326190.392,4151153.1,24.92,-98,4,326046.434,4151239.016,77.29,175.6362198
343,326189.7873,4151154.64,24.92,-101,4,326046.434,4151239.016,77.29,174.3906388
344,326189.1738,4151156.181,24.83,-104,4,326046.434,4151239.016,77.29,173.171416
345,326188.5603,4151157.722,24.83,-102,4,326046.434,4151239.016,77.29,171.9321121
346,326187.9468,4151159.262,24.83,-105,4,326046.434,4151239.016,77.29,170.7003945
347,326187.3421,4151160.802,24.5,-94,4,326046.434,4151239.016,77.29,169.5856909
348,326186.7286,4151162.342,24.5,-102,4,326046.434,4151239.016,77.29,168.3694187
349,326186.115,4151163.883,24.5,-96,4,326046.434,4151239.016,77.29,167.1602032
350,326185.5015,4151165.424,24.5,-104,4,326046.434,4151239.016,77.29,165.9588386
351,326184.8969,4151166.964,24.5,-108,4,326046.434,4151239.016,77.29,164.7733276
352,326184.2833,4151168.504,24.5,-106,4,326046.434,4151239.016,77.29,163.5883729
353,326183.6698,4151170.045,24.5,-104,4,326046.434,4151239.016,77.29,162.4113535
354,326183.0563,4151171.585,24.5,-103,4,326046.434,4151239.016,77.29,161.2432222
355,326182.4516,4151173.126,24.5,-100,4,326046.434,4151239.016,77.29,160.0907983
356,326181.8381,4151174.667,24.5,-102,4,326046.434,4151239.016,77.29,158.9397628
357,326181.2246,4151176.207,24.5,-99,4,326046.434,4151239.016,77.29,157.7981636
358,326180.6111,4151177.747,24.5,-101,4,326046.434,4151239.016,77.29,156.6657864
359,326179.9976,4151179.287,24.5,-102,4,326046.434,4151239.016,77.29,155.5428326
360,326179.3929,4151180.829,24.11,-99,4,326046.434,4151239.016,77.29,154.5700762
361,326178.7794,4151182.369,24.11,-98,4,326046.434,4151239.016,77.29,153.4675859
362,326178.1659,4151183.909,24.11,-96,4,326046.434,4151239.016,77.29,152.3751532
363,326177.5523,4151185.449,24.11,-96,4,326046.434,4151239.016,77.29,151.2929096
364,326176.9477,4151186.99,24.11,-100,4,326046.434,4151239.016,77.29,150.2286356
365,326176.3342,4151188.531,24.11,-99,4,326046.434,4151239.016,77.29,149.1673878
366,326175.7206,4151190.071,23.79,-98,4,326046.434,4151239.016,77.29,148.2325469
367,326175.1071,4151191.612,23.79,-97,4,326046.434,4151239.016,77.29,147.1942794
368,326174.5024,4151193.152,23.79,-94,4,326046.434,4151239.016,77.29,146.1754821
369,326173.8889,4151194.692,23.79,-93,4,326046.434,4151239.016,77.29,145.1606645
370,326173.2754,4151196.232,23.79,-86,4,326046.434,4151239.016,77.29,144.1577657
371,326170.8302,4151202.394,23.48,-92,4,326046.434,4151239.016,77.29,140.3962306
372,326170.2167,4151203.935,23.48,-90,4,326046.434,4151239.016,77.29,139.4573393
373,326169.612,4151205.476,23.48,-80,4,326046.434,4151239.016,77.29,138.5397682
374,326168.385,4151208.556,23.46,-79,4,326046.434,4151239.016,77.29,136.7389005
375,326167.7715,4151210.097,23.06,-77,4,326046.434,4151239.016,77.29,136.0146697
376,326167.158,4151211.637,23.06,-89,4,326046.434,4151239.016,77.29,135.1472779
377,326166.5533,4151213.178,23.06,-94,4,326046.434,4151239.016,77.29,134.3024251
378,326165.9398,4151214.718,23.06,-94,4,326046.434,4151239.016,77.29,133.4650589
379,326165.3263,4151216.259,23.06,-103,4,326046.434,4151239.016,77.29,132.6429529
380,326164.7128,4151217.799,23.06,-96,4,326046.434,4151239.016,77.29,131.8367495
381,326164.1081,4151219.339,23.06,-102,4,326046.434,4151239.016,77.29,131.0544583
382,326163.4946,4151220.881,22.65,-106,4,326046.434,4151239.016,77.29,130.4514925
383,326161.6629,4151225.501,22.65,-106,7,326228.2169,4151247.992,49.15,75.08348685
384,326161.0494,4151227.042,22.65,-102,7,326228.2169,4151247.992,49.15,75.1839448
385,326160.4359,4151228.582,22.65,-102,7,326228.2169,4151247.992,49.15,75.32105988
386,326159.8224,4151230.123,21.85,-103,7,326228.2169,4151247.992,49.15,75.77861698
387,326159.2177,4151231.663,21.68,-103,7,326228.2169,4151247.992,49.15,76.04029683
388,326158.6042,4151233.204,21.68,-103,7,326228.2169,4151247.992,49.15,76.28377183
389,326157.9907,4151234.744,21.68,-103,7,326228.2169,4151247.992,49.15,76.56258597
390,326157.3772,4151236.284,21.68,-102,7,326228.2169,4151247.992,49.15,76.87614233
391,326156.7725,4151237.825,21.68,-103,7,326228.2169,4151247.992,49.15,77.21574373
392,326156.159,4151239.366,21.68,-103,7,326228.2169,4151247.992,49.15,77.59735645
393,326155.5455,4151240.906,21.28,-98,7,326228.2169,4151247.992,49.15,78.15421085
394,326154.932,4151242.446,21.28,-103,7,326228.2169,4151247.992,49.15,78.60134594
395,326154.3185,4151243.987,21.28,-103,7,326228.2169,4151247.992,49.15,79.08065786
396,326153.7138,4151245.528,21.28,-103,7,326228.2169,4151247.992,49.15,79.58341602
397,326153.1003,4151247.068,21.28,-106,7,326228.2169,4151247.992,49.15,80.12549077
398,326152.4868,4151248.608,21.28,-105,7,326228.2169,4151247.992,49.15,80.69798264
399,326151.8733,4151250.149,21.28,-106,7,326228.2169,4151247.992,49.15,81.30027558
400,326151.2686,4151251.689,21.28,-106,7,326228.2169,4151247.992,49.15,81.9234129
401,326150.6552,4151253.23,21.28,-106,7,326228.2169,4151247.992,49.15,82.5832359
402,326150.0417,4151254.771,21.28,-104,7,326228.2169,4151247.992,49.15,83.27096514
403,326149.4281,4151256.311,21.13,-107,7,326228.2169,4151247.992,49.15,84.03571364
404,326148.8235,4151257.851,21.13,-105,7,326228.2169,4151247.992,49.15,84.76810865
405,326148.21,4151259.391,21.13,-106,7,326228.2169,4151247.992,49.15,85.53456406
406,326147.5965,4151260.931,20.75,-103,7,326228.2169,4151247.992,49.15,86.45013949
407,326146.983,4151262.473,20.75,-107,7,326228.2169,4151247.992,49.15,87.26514694
408,326146.3783,4151264.013,20.75,-105,7,326228.2169,4151247.992,49.15,88.09533978
409,326145.7648,4151265.553,20.75,-93,7,326228.2169,4151247.992,49.15,88.95671709
410,326145.1513,4151267.094,20.75,-98,7,326228.2169,4151247.992,49.15,89.8406384
411,326144.5378,4151268.634,20.75,-108,7,326228.2169,4151247.992,49.15,90.74604091
412,326143.9331,4151270.175,20.37,-108,7,326228.2169,4151247.992,49.15,91.78307486
413,326142.7061,4151273.256,20.37,-99,2,326052.99,4151241.566,76.8,110.6235942
414,326142.0926,4151274.796,20.37,-95,2,326052.99,4151241.566,76.8,110.5796144
415,326141.4791,4151276.336,20.37,-91,2,326052.99,4151241.566,76.8,110.5604749
416,326140.8745,4151277.877,20.37,-96,2,326052.99,4151241.566,76.8,110.5735907
417,326140.261,4151279.418,20.37,-96,2,326052.99,4151241.566,76.8,110.6044585
418,326139.6475,4151280.958,19.99,-96,2,326052.99,4151241.566,76.8,110.8540846
419,326139.034,4151282.498,19.87,-96,2,326052.99,4151241.566,76.8,110.9956011
420,326138.4293,4151284.038,19.87,-96,2,326052.99,4151241.566,76.8,111.107019
421,326137.8158,4151285.58,19.87,-94,2,326052.99,4151241.566,76.8,111.2370147
422,326137.2023,4151287.12,19.87,-98,2,326052.99,4151241.566,76.8,111.3907684
423,326136.5888,4151288.66,19.87,-98,2,326052.99,4151241.566,76.8,111.5689432
424,326135.9842,4151290.201,19.5,-96,2,326052.99,4151241.566,76.8,111.9673634
425,326135.3706,4151291.741,19.5,-90,2,326052.99,4151241.566,76.8,112.1935109
426,326134.7571,4151293.281,19.5,-90,2,326052.99,4151241.566,76.8,112.4437187
427,326134.1437,4151294.823,19.5,-89,2,326052.99,4151241.566,76.8,112.7187698
428,326133.539,4151296.363,19.5,-91,2,326052.99,4151241.566,76.8,113.0227526
429,326132.9255,4151297.903,19.5,-91,2,326052.99,4151241.566,76.8,113.343865
430,326132.312,4151299.443,19.5,-97,2,326052.99,4151241.566,76.8,113.688244
431,326131.6985,4151300.984,19.37,-96,2,326052.99,4151241.566,76.8,114.121565
432,326131.0939,4151302.525,19.37,-94,2,326052.99,4151241.566,76.8,114.5182246
433,326130.4804,4151304.065,19.37,-87,2,326052.99,4151241.566,76.8,114.9308139
434,326129.8669,4151305.605,19.37,-84,2,326052.99,4151241.566,76.8,115.3657496
435,326127.407,4151304.713,19.16,-85,2,326052.99,4151241.566,76.8,113.34815
436,326124.9559,4151303.821,19.16,-84,2,326052.99,4151241.566,76.8,111.2526197
437,326122.496,4151302.929,19.16,-85,2,326052.99,4151241.566,76.8,109.1735838
438,326120.0361,4151302.037,19.16,-79,2,326052.99,4151241.566,76.8,107.1181169
439,326117.5762,4151301.144,19.05,-79,2,326052.99,4151241.566,76.8,105.1474099
440,326115.1251,4151300.252,19.05,-82,2,326052.99,4151241.566,76.8,103.1497928
441,326112.6652,4151299.36,19.18,-79,2,326052.99,4151241.566,76.8,101.1006446
442,326110.2053,4151298.468,19.18,-80,2,326052.99,4151241.566,76.8,99.15388322
443,326107.7542,4151297.575,19.07,-79,2,326052.99,4151241.566,76.8,97.30816298
444,326105.2943,4151296.683,19.07,-79,2,326052.99,4151241.566,76.8,95.42733564
445,326102.8344,4151295.791,19.07,-81,2,326052.99,4151241.566,76.8,93.58187718
446,326100.3745,4151294.899,19.07,-81,2,326052.99,4151241.566,76.8,91.77392129
447,326097.9234,4151294.007,18.96,-81,2,326052.99,4151241.566,76.8,90.08071112
448,326095.4635,4151293.115,18.96,-84,2,326052.99,4151241.566,76.8,88.35588947
449,326093.0036,4151292.222,18.96,-85,2,326052.99,4151241.566,76.8,86.67516438
450,326090.5525,4151291.33,18.96,-83,2,326052.99,4151241.566,76.8,85.04623861
451,326088.0926,4151290.438,18.85,-86,2,326052.99,4151241.566,76.8,83.53961582
452,326085.6327,4151289.546,18.85,-88,2,326052.99,4151241.566,76.8,82.01115024
453,326083.1728,4151288.654,19.15,-89,2,326052.99,4151241.566,76.8,80.32312033
454,326080.7217,4151287.761,19.15,-91,2,326052.99,4151241.566,76.8,78.90847679
455,326078.2618,4151286.869,19.04,-88,2,326052.99,4151241.566,76.8,77.6353224
456,326075.8019,4151285.977,19.04,-87,2,326052.99,4151241.566,76.8,76.34747738
457,326073.3508,4151285.085,19.04,-85,2,326052.99,4151241.566,76.8,75.13110633
458,326070.8909,4151284.193,19.04,-85,2,326052.99,4151241.566,76.8,73.98459941
459,326068.4309,4151283.3,18.93,-87,2,326052.99,4151241.566,76.8,73.00058252
460,326063.5199,4151281.516,18.93,-97,2,326052.99,4151241.566,76.8,71.1042769
461,326061.06,4151280.624,18.93,-98,2,326052.99,4151241.566,76.8,70.28221086
462,326062.241,4151277.457,19.19,-98,2,326052.99,4151241.566,76.8,68.50297061
463,326063.4219,4151274.288,19.19,-96,2,326052.99,4151241.566,76.8,67.07060401
464,326064.6117,4151271.121,19.19,-101,2,326052.99,4151241.566,76.8,65.78353925
465,326065.7926,4151267.953,19.46,-98,2,326052.99,4151241.566,76.8,64.405403
466,326066.9735,4151264.785,19.46,-94,2,326052.99,4151241.566,76.8,63.42346437
467,326068.1545,4151261.617,19.46,-92,2,326052.99,4151241.566,76.8,62.60894713
468,326069.3354,4151258.45,19.71,-89,2,326052.99,4151241.566,76.8,61.73742509
469,326070.5252,4151255.282,19.87,-99,2,326052.99,4151241.566,76.8,61.12803608
470,326071.7062,4151252.114,19.87,-103,2,326052.99,4151241.566,76.8,60.84884014
471,326072.8871,4151248.947,20.15,-104,2,326052.99,4151241.566,76.8,60.49459686
472,326074.068,4151245.778,20.15,-95,3,325925.3433,4151245.636,89.09,163.9261424
473,326075.249,4151242.611,20.15,-103,3,325925.3433,4151245.636,89.09,165.0260377
474,326077.6197,4151236.275,20.15,-107,2,326052.99,4151241.566,76.8,61.99870404
475,326078.8007,4151233.108,20.15,-104,4,326046.434,4151239.016,77.29,65.93547856
476,326079.9816,4151229.94,20.33,-100,4,326046.434,4151239.016,77.29,66.72523392
477,326081.1626,4151226.772,20.92,-102,4,326046.434,4151239.016,77.29,67.33177626
478,326082.3435,4151223.605,20.92,-103,4,326046.434,4151239.016,77.29,68.58985356
479,326083.5333,4151220.436,20.92,-101,4,326046.434,4151239.016,77.29,69.99393803
480,326084.7143,4151217.269,21.21,-106,4,326046.434,4151239.016,77.29,71.2971232
481,326085.8952,4151214.101,21.21,-104,4,326046.434,4151239.016,77.29,72.95827527
482,326087.0762,4151210.933,21.21,-105,4,326046.434,4151239.016,77.29,74.73559868
483,326088.2571,4151207.766,21.51,-102,4,326046.434,4151239.016,77.29,76.40119498
484,326089.4469,4151204.598,21.51,-97,4,326046.434,4151239.016,77.29,78.39717272
485,326092.9898,4151195.095,21.95,-110,4,326046.434,4151239.016,77.29,84.61094701
486,326094.1708,4151191.927,21.95,-110,4,326046.434,4151239.016,77.29,86.94073611
487,326095.3606,4151188.759,22.17,-109,4,326046.434,4151239.016,77.29,89.20646073
488,326096.5415,4151185.592,22.17,-96,4,326046.434,4151239.016,77.29,91.66842276
489,326097.7225,4151182.423,22.17,-105,4,326046.434,4151239.016,77.29,94.18859953
490,326098.9035,4151179.256,22.38,-110,4,326046.434,4151239.016,77.29,96.6406443
491,326100.0844,4151176.089,22.63,-105,4,326046.434,4151239.016,77.29,99.12561904
492,326101.2742,4151172.92,22.63,-101,4,326046.434,4151239.016,77.29,101.8029683
493,326102.4552,4151169.753,22.63,-109,4,326046.434,4151239.016,77.29,104.5153272
494,326103.6362,4151166.585,22.86,-108,4,326046.434,4151239.016,77.29,107.1492713
495,326104.8171,4151163.417,22.86,-111,4,326046.434,4151239.016,77.29,109.9382557
496,326105.9981,4151160.25,22.86,-108,6,325955.451,4151256.136,89.3,190.4542673
497,326107.1879,4151157.082,23.08,-105,6,325955.451,4151256.136,89.3,192.9271109
498,326108.3689,4151153.914,23.08,-108,6,325955.451,4151256.136,89.3,195.4950379
499,326109.5499,4151150.746,23.35,-112,6,325955.451,4151256.136,89.3,197.9972868
500,326110.7308,4151147.579,23.35,-109,5,326227.519,4151249.798,48.88,157.2895054
501,326111.9118,4151144.411,23.35,-109,5,326227.519,4151249.798,48.88,158.5030768
502,326113.1016,4151141.243,23.35,-108,5,326227.519,4151249.798,48.88,159.7726834
503,326114.2826,4151138.076,23.59,-108,4,326046.434,4151239.016,77.29,132.9511419
504,326116.6446,4151131.74,23.59,-99,5,326227.519,4151249.798,48.88,163.9219572
505,326117.8256,4151128.573,23.82,-93,5,326227.519,4151249.798,48.88,165.3969354
506,326119.0154,4151125.404,23.82,-87,5,326227.519,4151249.798,48.88,166.9577852
507,326120.1964,4151122.237,24.11,-98,5,326227.519,4151249.798,48.88,168.5333857
508,326121.3773,4151119.068,24.61,-102,5,326227.519,4151249.798,48.88,170.1335542
509,326122.5583,4151115.901,24.61,-103,5,326227.519,4151249.798,48.88,171.8551368
510,326123.7393,4151112.734,24.61,-104,5,326227.519,4151249.798,48.88,173.6254565
511,326124.9203,4151109.565,24.61,-105,5,326227.519,4151249.798,48.88,175.4446364
512,326126.1101,4151106.398,24.88,-103,5,326227.519,4151249.798,48.88,177.2662545
513,326127.2911,4151103.23,24.88,-103,5,326227.519,4151249.798,48.88,179.1753626
514,326128.4721,4151100.062,24.88,-102,5,326227.519,4151249.798,48.88,181.1274637
515,326129.6531,4151096.895,26,-101,5,326227.519,4151249.798,48.88,182.976928
516,326130.8341,4151093.727,26,-99,5,326227.519,4151249.798,48.88,185.0124897
517,326133.2049,4151087.391,26.38,-88,5,326227.519,4151249.798,48.88,189.149235
518,326134.3859,4151084.224,26.38,-81,5,326227.519,4151249.798,48.88,191.2976053
519,326135.5669,4151081.056,26.38,-90,5,326227.519,4151249.798,48.88,193.4820438
520,326136.7479,4151077.888,26.76,-89,5,326227.519,4151249.798,48.88,195.6571877
521,326137.9377,4151074.721,26.76,-96,5,326227.519,4151249.798,48.88,197.9041678
522,326139.1187,4151071.552,26.76,-93,5,326227.519,4151249.798,48.88,200.1887708
523,326140.2997,4151068.385,27.28,-94,5,326227.519,4151249.798,48.88,202.4461481
524,326136.4576,4151066.959,26.76,-91,5,326227.519,4151249.798,48.88,205.4545519
525,326132.6242,4151065.533,26.76,-92,5,326227.519,4151249.798,48.88,208.441617
526,326128.7821,4151064.108,25.71,-94,5,326227.519,4151249.798,48.88,211.5811911
527,326124.9488,4151062.682,25.71,-94,5,326227.519,4151249.798,48.88,214.6389813
528,326121.1066,4151061.255,25.71,-91,5,326227.519,4151249.798,48.88,217.7358735
529,326117.2733,4151059.829,25.42,-92,5,326227.519,4151249.798,48.88,220.8907126
530,326113.4311,4151058.404,25.42,-99,5,326227.519,4151249.798,48.88,224.0492887
531,326109.5978,4151056.978,25.42,-97,5,326227.519,4151249.798,48.88,227.2340939
532,326105.7556,4151055.552,24.85,-96,5,326227.519,4151249.798,48.88,230.5108999
533,326101.9223,4151054.126,24.85,-98,5,326227.519,4151249.798,48.88,233.7509434
534,326098.0801,4151052.701,24.85,-99,5,326227.519,4151249.798,48.88,237.021301
535,326094.2468,4151051.274,24.85,-100,5,326227.519,4151249.798,48.88,240.3137507
536,326090.4046,4151049.848,24.85,-99,5,326227.519,4151249.798,48.88,243.6345667
537,326086.5624,4151048.422,24.39,-100,5,326227.519,4151249.798,48.88,247.023919
538,326082.7291,4151046.997,24.39,-102,5,326227.519,4151249.798,48.88,250.3839469
539,326078.8869,4151045.571,23.76,-101,5,326227.519,4151249.798,48.88,253.8329826
540,326075.0535,4151044.145,23.76,-102,5,326227.519,4151249.798,48.88,257.2351055
541,326071.2113,4151042.719,23.76,-103,5,326227.519,4151249.798,48.88,260.6622791
542,326063.5358,4151039.868,23.45,-105,5,326227.519,4151249.798,48.88,267.5962998
543,326059.7025,4151038.441,23.5,-106,5,326227.519,4151249.798,48.88,271.0688169
544,326055.8603,4151037.015,23.19,-107,5,326227.519,4151249.798,48.88,274.5965959
545,326052.0269,4151035.59,23.19,-103,5,326227.519,4151249.798,48.88,278.1052328
546,326048.1847,4151034.164,22.87,-107,5,326227.519,4151249.798,48.88,281.6652858
547,326044.3425,4151032.738,22.87,-106,5,326227.519,4151249.798,48.88,285.2107885
548,326040.5092,4151031.312,22.87,-108,5,326227.519,4151249.798,48.88,288.7651599
549,326036.667,4151029.887,22.56,-107,5,326227.519,4151249.798,48.88,292.3663391
550,326032.8336,4151028.461,22.61,-103,5,326227.519,4151249.798,48.88,295.9435511
551,326028.9914,4151027.035,22.29,-109,5,326227.519,4151249.798,48.88,299.5723456
552,326025.1581,4151025.609,22.29,-107,1,326243.9057,4151117.936,50.55,239.1096297
553,326021.3159,4151024.184,22.29,-103,1,326243.9057,4151117.936,50.55,243.1754185
554,326017.4825,4151022.757,21.65,-108,1,326243.9057,4151117.936,50.55,247.3089516
555,326013.6403,4151021.331,21.65,-104,1,326243.9057,4151117.936,50.55,251.3759942
556,326009.8069,4151019.905,21.65,-84,1,326243.9057,4151117.936,50.55,255.4359707
557,326005.9648,4151018.48,21.36,-90,1,326243.9057,4151117.936,50.55,259.5369414
558,326002.1314,4151017.054,21.36,-98,1,326243.9057,4151117.936,50.55,263.5982666
559,325998.2892,4151015.628,21.04,-99,1,326243.9057,4151117.936,50.55,267.7036272
560,325996.7328,4151019.031,21.04,-100,1,326243.9057,4151117.936,50.55,267.8572038
561,325995.1852,4151022.432,21.01,-102,1,326243.9057,4151117.936,50.55,268.058786
562,325993.6288,4151025.835,21.01,-101,1,326243.9057,4151117.936,50.55,268.3164782
563,325992.0813,4151029.238,21.01,-97,1,326243.9057,4151117.936,50.55,268.6177121
564,325990.5249,4151032.64,20.98,-95,1,326243.9057,4151117.936,50.55,268.9825688
565,325988.9773,4151036.042,20.82,-98,1,326243.9057,4151117.936,50.55,269.4048798
566,325987.4209,4151039.445,20.82,-95,1,326243.9057,4151117.936,50.55,269.8687878
567,325985.8645,4151042.847,20.82,-92,1,326243.9057,4151117.936,50.55,270.3839709
568,325984.317,4151046.249,20.82,-93,1,326243.9057,4151117.936,50.55,270.9413074
569,325982.7606,4151049.652,20.79,-90,1,326243.9057,4151117.936,50.55,271.5605375
570,325981.213,4151053.054,20.79,-86,1,326243.9057,4151117.936,50.55,272.2182693
571,325979.6567,4151056.457,20.79,-89,1,326243.9057,4151117.936,50.55,272.9337997
572,325978.1091,4151059.858,20.59,-89,1,326243.9057,4151117.936,50.55,273.7124189
573,325976.5527,4151063.261,20.59,-92,1,326243.9057,4151117.936,50.55,274.5261077
574,325979.5037,4151064.369,20.76,-93,1,326243.9057,4151117.936,50.55,271.4134949
575,325982.4459,4151065.477,20.76,-92,1,326243.9057,4151117.936,50.55,268.3293085
576,325985.3969,4151066.585,20.76,-99,1,326243.9057,4151117.936,50.55,265.2379478
577,325988.339,4151067.693,20.76,-103,1,326243.9057,4151117.936,50.55,262.1567113
578,325991.2901,4151068.801,20.92,-109,1,326243.9057,4151117.936,50.55,259.0498533
579,325994.2322,4151069.909,20.88,-114,1,326243.9057,4151117.936,50.55,255.9760892
580,325997.1832,4151071.017,20.88,-116,1,326243.9057,4151117.936,50.55,252.8906749
581,326000.1254,4151072.125,21.19,-110,1,326243.9057,4151117.936,50.55,249.7788862
582,326003.0764,4151073.232,21.19,-104,1,326243.9057,4151117.936,50.55,246.6965929
583,326006.0185,4151074.341,21.19,-117,1,326243.9057,4151117.936,50.55,243.6244108
584,326008.9695,4151075.449,21.19,-116,1,326243.9057,4151117.936,50.55,240.5455733
585,326011.9117,4151076.556,21.49,-110,1,326243.9057,4151117.936,50.55,237.4405274
586,326014.8627,4151077.665,21.49,-102,2,326052.99,4151241.566,76.8,177.133918
587,326017.8048,4151078.773,21.49,-104,2,326052.99,4151241.566,76.8,175.4957414
588,326020.7558,4151079.88,22.06,-103,2,326052.99,4151241.566,76.8,173.7177994
589,326023.698,4151080.989,22.06,-112,2,326052.99,4151241.566,76.8,172.1611506
590,326026.6489,4151082.096,22.06,-114,2,326052.99,4151241.566,76.8,170.6487681
591,326029.5911,4151083.205,22.36,-114,2,326052.99,4151241.566,76.8,169.0840869
592,326032.5421,4151084.313,22.36,-118,2,326052.99,4151241.566,76.8,167.6613737
593,326035.4842,4151085.42,22.36,-110,3,325925.3433,4151245.636,89.09,205.5555336
594,326038.4352,4151086.529,22.36,-100,3,325925.3433,4151245.636,89.09,206.2951967
595,326041.3774,4151087.636,22.66,-110,3,325925.3433,4151245.636,89.09,206.9803306
596,326044.3284,4151088.744,22.66,-106,3,325925.3433,4151245.636,89.09,207.811209
597,326047.2705,4151089.853,22.61,-96,3,325925.3433,4151245.636,89.09,208.6963718
598,326050.2215,4151090.96,22.91,-105,3,325925.3433,4151245.636,89.09,209.520935
599,326053.1636,4151092.069,22.91,-100,2,326052.99,4151241.566,76.8,158.9135465
600,326059.0567,4151094.284,22.91,-112,5,326227.519,4151249.798,48.88,230.7348947
601,326062.0077,4151095.393,23.21,-109,5,326227.519,4151249.798,48.88,227.8022023
602,326064.9499,4151096.5,23.21,-112,5,326227.519,4151249.798,48.88,224.9176249
603,326067.9008,4151097.608,23.21,-111,5,326227.519,4151249.798,48.88,222.0331389
604,326070.843,4151098.716,23.51,-110,5,326227.519,4151249.798,48.88,219.1273068
605,326073.794,4151099.824,23.44,-112,5,326227.519,4151249.798,48.88,216.2655079
606,326076.7449,4151100.932,23.44,-116,4,326046.434,4151239.016,77.29,151.2804158
607,326085.5802,4151104.257,23.8,-106,4,326046.434,4151239.016,77.29,150.1785376
608,326088.5311,4151105.364,23.8,-105,4,326046.434,4151239.016,77.29,149.9873429
609,326091.4733,4151106.472,23.8,-102,4,326046.434,4151239.016,77.29,149.8587021
610,326094.4242,4151107.58,23.8,-110,4,326046.434,4151239.016,77.29,149.7987366
611,326097.3664,4151108.688,23.8,-107,5,326227.519,4151249.798,48.88,193.5994261
612,326100.3174,4151109.796,24,-110,5,326227.519,4151249.798,48.88,190.7873723
613,326103.2595,4151110.904,24,-109,5,326227.519,4151249.798,48.88,188.0185655
614,326106.2104,4151112.012,24,-105,3,325925.3433,4151245.636,89.09,234.1046547
615,326109.1526,4151113.12,24,-107,3,325925.3433,4151245.636,89.09,235.7605928
616,326112.1035,4151114.228,24.3,-103,3,325925.3433,4151245.636,89.09,237.3713944
617,326115.0457,4151115.337,24.3,-102,3,325925.3433,4151245.636,89.09,239.0869592
618,326117.9966,4151116.444,24.3,-104,3,325925.3433,4151245.636,89.09,240.8393883
619,326120.9387,4151117.552,24.61,-105,3,325925.3433,4151245.636,89.09,242.5298785
620,326123.8897,4151118.66,24.61,-99,5,326227.519,4151249.798,48.88,168.8941673
621,326126.8318,4151119.768,24.11,-108,5,326227.519,4151249.798,48.88,166.3107514
622,326129.7828,4151120.876,24.69,-106,5,326227.519,4151249.798,48.88,163.579959
623,326132.7249,4151121.984,24.69,-106,5,326227.519,4151249.798,48.88,160.9580569
624,326135.6759,4151123.092,24.69,-105,5,326227.519,4151249.798,48.88,158.349997
625,326138.618,4151124.2,24.69,-104,5,326227.519,4151249.798,48.88,155.7671387
626,326141.5689,4151125.308,24.97,-104,5,326227.519,4151249.798,48.88,153.1563511
627,326144.5111,4151126.416,24.97,-104,5,326227.519,4151249.798,48.88,150.6157943
628,326147.462,4151127.524,24.97,-103,5,326227.519,4151249.798,48.88,148.0936948
629,326150.4041,4151128.632,25.26,-106,5,326227.519,4151249.798,48.88,145.553467
630,326153.3551,4151129.74,24.97,-106,5,326227.519,4151249.798,48.88,143.1289472
631,326156.2972,4151130.848,24.97,-107,5,326227.519,4151249.798,48.88,140.6887892
632,326159.2482,4151131.956,24.97,-106,5,326227.519,4151249.798,48.88,138.2726553
633,326162.1903,4151133.064,25.25,-110,5,326227.519,4151249.798,48.88,135.8419769
634,326165.1412,4151134.172,25.25,-109,5,326227.519,4151249.798,48.88,133.4868484
635,326168.0922,4151135.281,25.25,-112,5,326227.519,4151249.798,48.88,131.1642663
636,326171.0343,4151136.388,25.37,-108,4,326046.434,4151239.016,77.29,169.5683566
637,326173.9852,4151137.496,25.37,-105,4,326046.434,4151239.016,77.29,171.0885894
638,326176.9273,4151138.604,25.37,-98,4,326046.434,4151239.016,77.29,172.6463364
639,326179.8783,4151139.712,25.16,-101,4,326046.434,4151239.016,77.29,174.3163863
640,326182.8204,4151140.821,25.16,-101,4,326046.434,4151239.016,77.29,175.9575092
641,326185.7713,4151141.928,25.16,-101,4,326046.434,4151239.016,77.29,177.6471216
642,326188.7134,4151143.037,25.16,-103,4,326046.434,4151239.016,77.29,179.3681494
643,326191.6644,4151144.144,25.26,-102,4,326046.434,4151239.016,77.29,181.1068369
644,326194.6065,4151145.252,25.26,-99,4,326046.434,4151239.016,77.29,182.9040687
645,326197.5574,4151146.361,25.26,-103,4,326046.434,4151239.016,77.29,184.7440174
646,326200.4995,4151147.468,25.37,-104,4,326046.434,4151239.016,77.29,186.5821562
647,326203.4505,4151148.577,25.37,-100,4,326046.434,4151239.016,77.29,188.4915924
648,326206.3925,4151149.684,25,-102,4,326046.434,4151239.016,77.29,190.5286646
649,326209.3435,4151150.792,25,-104,4,326046.434,4151239.016,77.29,192.5025285
650,326215.2365,4151153.008,25,-110,6,325955.451,4151256.136,89.3,286.8072182
651,326221.1295,4151155.224,25.09,-114,4,326046.434,4151239.016,77.29,200.6600533
652,326224.0717,4151156.333,25.09,-104,6,325955.451,4151256.136,89.3,293.6675729
653,326227.0226,4151157.441,25.09,-107,6,325955.451,4151256.136,89.3,295.9979072
654,326229.9647,4151158.548,25.17,-104,6,325955.451,4151256.136,89.3,298.3183637
655,326232.9156,4151159.657,24.77,-108,6,325955.451,4151256.136,89.3,300.7638984
656,326238.8086,4151161.873,24.77,-102,6,325955.451,4151256.136,89.3,305.5178613
657,326241.7507,4151162.981,24.9,-100,6,325955.451,4151256.136,89.3,307.8842839
658,326244.7016,4151164.089,24.9,-97,6,325955.451,4151256.136,89.3,310.2997258
659,326247.6437,4151165.197,24.9,-100,6,325955.451,4151256.136,89.3,312.7200596
660,326250.5947,4151166.306,24.97,-100,6,325955.451,4151256.136,89.3,315.1469204
661,326253.5367,4151167.413,24.97,-92,6,325955.451,4151256.136,89.3,317.5928276
662,326256.4877,4151168.521,24.97,-92,6,325955.451,4151256.136,89.3,320.0591068
663,326259.4297,4151169.629,24.52,-94,6,325955.451,4151256.136,89.3,322.6189075
664,326262.3807,4151170.737,24.91,-87,6,325955.451,4151256.136,89.3,325.0306171
665,326263.9083,4151167.222,25.33,-94,6,325955.451,4151256.136,89.3,327.328224
666,326265.4358,4151163.705,25.33,-97,6,325955.451,4151256.136,89.3,329.7366023
667,326266.9546,4151160.19,25.33,-97,6,325955.451,4151256.136,89.3,332.1630452
668,326268.4821,4151156.674,25.77,-98,6,325955.451,4151256.136,89.3,334.5403113
669,326270.0097,4151153.159,26.11,-100,6,325955.451,4151256.136,89.3,336.9635208
670,326271.5373,4151149.642,26.11,-99,6,325955.451,4151256.136,89.3,339.4767992
671,326273.056,4151146.127,26.51,-99,6,325955.451,4151256.136,89.3,341.9320111
672,326274.5836,4151142.611,26.51,-99,6,325955.451,4151256.136,89.3,344.4940146
673,326276.1112,4151139.095,26.92,-97,6,325955.451,4151256.136,89.3,347.00551
674,326277.6387,4151135.579,26.92,-101,6,325955.451,4151256.136,89.3,349.6143142
675,326279.1575,4151132.064,26.92,-100,6,325955.451,4151256.136,89.3,352.2371697
676,326282.2126,4151125.032,27.58,-103,6,325955.451,4151256.136,89.3,357.4503608
677,326278.0383,4151123.366,27.32,-106,6,325955.451,4151256.136,89.3,354.3048961
678,326273.8638,4151121.699,27.32,-94,5,326227.519,4151249.798,48.88,137.9203679
679,326269.6894,4151120.034,27.32,-95,5,326227.519,4151249.798,48.88,138.137149
680,326265.515,4151118.367,27.93,-97,5,326227.519,4151249.798,48.88,138.4077537
681,326261.3406,4151116.701,27.93,-94,5,326227.519,4151249.798,48.88,138.9158542
682,326257.1662,4151115.036,27.72,-95,5,326227.519,4151249.798,48.88,139.5976315
683,326252.9918,4151113.369,27.72,-95,5,326227.519,4151249.798,48.88,140.3904597
684,326248.8174,4151111.703,27.55,-100,5,326227.519,4151249.798,48.88,141.346453
685,326244.6518,4151110.036,27.55,-104,5,326227.519,4151249.798,48.88,142.4146003
686,326240.4774,4151108.371,28.92,-96,5,326227.519,4151249.798,48.88,143.4151947
687,326236.303,4151106.704,28.36,-97,5,326227.519,4151249.798,48.88,144.824452
688,326232.1286,4151105.038,28.36,-94,5,326227.519,4151249.798,48.88,146.2797881
689,326227.9542,4151103.373,28.08,-92,5,326227.519,4151249.798,48.88,147.8956052
690,326223.7797,4151101.706,28.08,-85,5,326227.519,4151249.798,48.88,149.5923221
691,326219.6053,4151100.041,28.08,-92,5,326227.519,4151249.798,48.88,151.401538
692,326215.4309,4151098.374,29.15,-92,5,326227.519,4151249.798,48.88,153.1816661
693,326211.2564,4151096.708,29.15,-96,5,326227.519,4151249.798,48.88,155.2104802
694,326207.082,4151095.043,28.77,-96,5,326227.519,4151249.798,48.88,157.3886689
695,326202.9076,4151093.376,28.77,-95,5,326227.519,4151249.798,48.88,159.618217
696,326198.7331,4151091.71,28.39,-95,5,326227.519,4151249.798,48.88,161.9885301
697,326194.5587,4151090.044,28.39,-89,5,326227.519,4151249.798,48.88,164.4006143
698,326190.3843,4151088.378,29.24,-92,5,326227.519,4151249.798,48.88,166.7966785
699,326186.2098,4151086.712,28.75,-86,5,326227.519,4151249.798,48.88,169.4364492
700,326182.0354,4151085.046,28.75,-86,5,326227.519,4151249.798,48.88,172.0964737
701,326177.861,4151083.38,28.27,-87,5,326227.519,4151249.798,48.88,174.8875061
702,326173.6953,4151081.713,28.27,-91,5,326227.519,4151249.798,48.88,177.6916712
703,326169.5209,4151080.048,28.27,-84,5,326227.519,4151249.798,48.88,180.5647092
704,326165.3464,4151078.381,28.32,-81,5,326227.519,4151249.798,48.88,183.4991381
705,326161.172,4151076.715,28.32,-80,5,326227.519,4151249.798,48.88,186.5003027
706,326156.9976,4151075.05,27.8,-79,5,326227.519,4151249.798,48.88,189.6167128
707,326152.8231,4151073.383,27.8,-93,5,326227.519,4151249.798,48.88,192.7332252
708,326148.6486,4151071.717,27.28,-92,5,326227.519,4151249.798,48.88,195.9590329
709,326144.4742,4151070.051,27.28,-88,5,326227.519,4151249.798,48.88,199.1782689
710,326140.2997,4151068.385,27.28,-87,5,326227.519,4151249.798,48.88,202.4461481
711,326138.9344,4151072.045,26.76,-91,5,326227.519,4151249.798,48.88,199.831566
712,326137.5691,4151075.703,26.76,-92,5,326227.519,4151249.798,48.88,197.2038233
713,326136.2038,4151079.363,26.76,-91,5,326227.519,4151249.798,48.88,194.6171867
714,326133.4643,4151086.681,26.38,-97,5,326227.519,4151249.798,48.88,189.6304097
715,326132.099,4151090.341,26,-107,5,326227.519,4151249.798,48.88,187.2298204
716,326129.3683,4151097.66,25.17,-101,3,325925.3433,4151245.636,89.09,260.0170448
717,326128.003,4151101.318,24.88,-103,3,325925.3433,4151245.636,89.09,256.9466155
718,326125.2724,4151108.638,24.88,-104,5,326227.519,4151249.798,48.88,175.94463
719,326122.5418,4151115.956,24.61,-101,3,325925.3433,4151245.636,89.09,244.6667554
720,326121.1765,4151119.615,24.11,-107,3,325925.3433,4151245.636,89.09,241.7733134
721,326118.437,4151126.934,23.82,-110,6,325955.451,4151256.136,89.3,218.0486721
722,326117.0717,4151130.593,23.59,-109,6,325955.451,4151256.136,89.3,214.9420843
723,326115.7064,4151134.252,23.59,-113,6,325955.451,4151256.136,89.3,211.7907146
724,326114.3411,4151137.911,23.59,-115,6,325955.451,4151256.136,89.3,208.6648475
725,326112.9758,4151141.571,23.35,-110,3,325925.3433,4151245.636,89.09,224.4041597
726,326110.2452,4151148.889,23.35,-108,4,326046.434,4151239.016,77.29,122.8994263
727,326108.8799,4151152.549,23.08,-112,4,326046.434,4151239.016,77.29,119.644292
728,326107.5146,4151156.208,23.08,-110,4,326046.434,4151239.016,77.29,116.3044653
729,326106.1405,4151159.867,22.86,-115,4,326046.434,4151239.016,77.29,113.1019683
730,326104.7752,4151163.527,22.86,-113,4,326046.434,4151239.016,77.29,109.8403825
731,326103.4099,4151167.186,22.86,-115,4,326046.434,4151239.016,77.29,106.6228258
732,326102.0446,4151170.845,22.63,-112,4,326046.434,4151239.016,77.29,103.5738368
733,326100.6793,4151174.504,22.63,-107,4,326046.434,4151239.016,77.29,100.4592769
734,326099.314,4151178.164,22.38,-114,4,326046.434,4151239.016,77.29,97.54162396
735,326097.9487,4151181.823,22.17,-109,4,326046.434,4151239.016,77.29,94.67321673
736,326096.5835,4151185.482,22.17,-109,4,326046.434,4151239.016,77.29,91.75552248
737,326095.2182,4151189.142,22.17,-108,4,326046.434,4151239.016,77.29,88.91303867
738,326093.8441,4151192.8,21.95,-99,4,326046.434,4151239.016,77.29,86.29108782
739,326092.4788,4151196.46,21.95,-103,4,326046.434,4151239.016,77.29,83.62805954
740,326091.1135,4151200.12,21.73,-105,4,326046.434,4151239.016,77.29,81.21619381
741,326088.3829,4151207.438,21.51,-101,2,326052.99,4151241.566,76.8,73.98893062
742,326087.0177,4151211.097,21.21,-104,2,326052.99,4151241.566,76.8,71.9478452
743,326085.6524,4151214.757,21.21,-96,2,326052.99,4151241.566,76.8,69.82695006
744,326084.2871,4151218.416,21.21,-95,2,326052.99,4151241.566,76.8,67.86515357
745,326082.9219,4151222.075,20.92,-100,2,326052.99,4151241.566,76.8,66.32037484
746,326081.5566,4151225.735,20.92,-87,2,326052.99,4151241.566,76.8,64.72438178
747,326080.1825,4151229.393,20.92,-97,2,326052.99,4151241.566,76.8,63.32604824
748,326078.8172,4151233.053,20.15,-90,2,326052.99,4151241.566,76.8,62.83898415
749,326077.452,4151236.713,20.15,-89,2,326052.99,4151241.566,76.8,61.8963937
750,326076.0867,4151240.371,20.15,-103,2,326052.99,4151241.566,76.8,61.1891173
751,326074.7214,4151244.031,20.15,-102,2,326052.99,4151241.566,76.8,60.72522104
752,326073.3562,4151247.69,20.15,-94,2,326052.99,4151241.566,76.8,60.51039562
753,326071.9909,4151251.349,19.87,-86,2,326052.99,4151241.566,76.8,60.80926072
754,326070.6256,4151255.009,19.87,-90,2,326052.99,4151241.566,76.8,61.0962645
755,326069.2604,4151258.668,19.71,-92,2,326052.99,4151241.566,76.8,61.77760452
756,326067.8951,4151262.328,19.46,-94,2,326052.99,4151241.566,76.8,62.77816699
757,326066.521,4151265.986,19.46,-91,2,326052.99,4151241.566,76.8,63.7753868
758,326065.1558,4151269.646,19.19,-93,2,326052.99,4151241.566,76.8,65.23346679
759,326063.7905,4151273.306,19.19,-96,2,326052.99,4151241.566,76.8,66.65576119
760,326062.4253,4151276.964,19.19,-98,2,326052.99,4151241.566,76.8,68.27119004
