idx,RX,RY,RZ,RSRP,NR Serving,TX,TY,TZ,azimuth,tilts
1,325898.8896,4151221.929,21,-101,1,325925.3433,4151245.636,89,176,17
2,325900.0048,4151218.806,21,-101,1,325925.3433,4151245.636,89,176,17
3,325901.1203,4151215.682,21,-97,1,325925.3433,4151245.636,89,176,17
4,325902.2318,4151212.56,21,-97,1,325925.3433,4151245.636,89,176,17
5,325903.3418,4151209.437,21,-97,1,325925.3433,4151245.636,89,176,17
6,325904.4573,4151206.313,21,-97,1,325925.3433,4151245.636,89,176,17
7,325905.5723,4151203.19,21,-102,1,325925.3433,4151245.636,89,176,17
8,325906.688,4151200.066,21,-106,1,325925.3433,4151245.636,89,176,17
9,325907.8029,4151196.943,21,-101,1,325925.3433,4151245.636,89,176,17
10,325908.9186,4151193.819,21,-96,1,325925.3433,4151245.636,89,176,17
11,325910.0334,4151190.696,21,-101,1,325925.3433,4151245.636,89,176,17
12,325911.1378,4151187.572,21,-93,1,325925.3433,4151245.636,89,176,17
13,325912.2558,4151184.449,21,-102,1,325925.3433,4151245.636,89,176,17
14,325913.3709,4151181.326,21,-95,1,325925.3433,4151245.636,89,176,17
15,325914.4858,4151178.203,21,-99,1,325925.3433,4151245.636,89,176,17
16,325915.6017,4151175.079,21,-95,1,325925.3433,4151245.636,89,176,17
17,325916.7164,4151171.956,21,-98,1,325925.3433,4151245.636,89,176,17
18,325917.8323,4151168.832,21,-97,1,325925.3433,4151245.636,89,176,17
19,325918.9477,4151165.709,21,-90,1,325925.3433,4151245.636,89,176,17
20,325920.0434,4151162.586,21,-92,1,325925.3433,4151245.636,89,176,17
21,325921.1692,4151159.462,21,-93,1,325925.3433,4151245.636,89,176,17
22,325922.2839,4151156.339,21,-93,1,325925.3433,4151245.636,89,176,17
23,325923.4001,4151153.215,21,-91,1,325925.3433,4151245.636,89,176,17
24,325924.5154,4151150.092,21,-90,1,325925.3433,4151245.636,89,176,17
25,325925.6307,4151146.969,22,-95,1,325925.3433,4151245.636,89,176,17
26,325926.7441,4151143.846,22,-92,1,325925.3433,4151245.636,89,176,17
27,325927.8372,4151140.721,22,-94,1,325925.3433,4151245.636,89,176,17
28,325928.9666,4151137.599,22,-91,1,325925.3433,4151245.636,89,176,17
29,325930.0832,4151134.475,22,-91,1,325925.3433,4151245.636,89,176,17
30,325931.198,4151131.352,22,-96,1,325925.3433,4151245.636,89,176,17
31,325933.3221,4151125.405,22,-97,1,325925.3433,4151245.636,89,176,17
32,325934.4362,4151122.282,22,-98,1,325925.3433,4151245.636,89,176,17
33,325935.554,4151119.158,21,-89,1,325925.3433,4151245.636,89,176,17
34,325936.6363,4151116.036,21,-88,1,325925.3433,4151245.636,89,176,17
35,325937.7733,4151112.913,21,-93,1,325925.3433,4151245.636,89,176,17
36,325938.8886,4151109.789,21,-96,1,325925.3433,4151245.636,89,176,17
37,325940.0035,4151106.665,21,-97,1,325925.3433,4151245.636,89,176,17
38,325941.122,4151103.541,21,-95,1,325925.3433,4151245.636,89,176,17
39,325942.2344,4151100.419,21,-97,1,325925.3433,4151245.636,89,176,17
40,325943.3517,4151097.295,21,-97,1,325925.3433,4151245.636,89,176,17
41,325944.4651,4151094.172,22,-98,1,325925.3433,4151245.636,89,176,17
42,325945.5423,4151091.048,22,-98,1,325925.3433,4151245.636,89,176,17
43,325946.6906,4151087.925,22,-98,1,325925.3433,4151245.636,89,176,17
44,325947.8022,4151084.803,22,-98,1,325925.3433,4151245.636,89,176,17
45,325948.9176,4151081.679,22,-99,1,325925.3433,4151245.636,89,176,17
46,325950.0324,4151078.555,22,-98,1,325925.3433,4151245.636,89,176,17
47,325951.1498,4151075.431,22,-97,1,325925.3433,4151245.636,89,176,17
48,325952.2652,4151072.308,22,-98,1,325925.3433,4151245.636,89,176,17
49,325953.381,4151069.185,22,-99,1,325925.3433,4151245.636,89,176,17
50,325954.4487,4151066.062,22,-99,1,325925.3433,4151245.636,89,176,17
51,325955.6005,4151062.939,22,-98,1,325925.3433,4151245.636,89,176,17
52,325956.7177,4151059.815,22,-99,1,325925.3433,4151245.636,89,176,17
53,325957.8337,4151056.692,22,-99,1,325925.3433,4151245.636,89,176,17
54,325958.9465,4151053.569,22,-99,1,325925.3433,4151245.636,89,176,17
55,325960.0618,4151050.445,22,-99,1,325925.3433,4151245.636,89,176,17
56,325961.1215,4151048.129,22,-100,1,325925.3433,4151245.636,89,176,17
57,325962.1963,4151046.172,22,-97,1,325925.3433,4151245.636,89,176,17
58,325962.8862,4151043.615,22,-99,1,325925.3433,4151245.636,89,176,17
59,325964.0759,4151040.517,22,-100,1,325925.3433,4151245.636,89,176,17
60,325965.2625,4151037.419,22,-99,1,325925.3433,4151245.636,89,176,17
61,325966.4527,4151034.32,22,-100,1,325925.3433,4151245.636,89,176,17
62,325967.6392,4151031.221,22,-101,1,325925.3433,4151245.636,89,176,17
63,325968.8346,4151028.121,22,-99,1,325925.3433,4151245.636,89,176,17
64,325970.0209,4151025.023,22,-98,1,325925.3433,4151245.636,89,176,17
65,325971.1525,4151021.924,22,-100,1,325925.3433,4151245.636,89,176,17
66,325972.3921,4151018.826,23,-101,1,325925.3433,4151245.636,89,176,17
67,325973.5783,4151015.727,23,-100,1,325925.3433,4151245.636,89,176,17
68,325974.7741,4151012.627,23,-99,1,325925.3433,4151245.636,89,176,17
69,325975.9602,4151009.529,23,-99,1,325925.3433,4151245.636,89,176,17
70,325977.7193,4151006.673,23,-100,1,325925.3433,4151245.636,89,176,17
71,325980.2768,4151004.585,23,-95,1,325925.3433,4151245.636,89,176,17
72,325983.4509,4151003.587,23,-97,1,325925.3433,4151245.636,89,176,17
73,325986.3796,4151003.066,23,-100,1,325925.3433,4151245.636,89,176,17
74,325989.1025,4151002.813,23,-99,1,325925.3433,4151245.636,89,176,17
75,325991.7132,4151002.643,23,-95,1,325925.3433,4151245.636,89,176,17
76,325994.6875,4151002.593,23,-92,1,325925.3433,4151245.636,89,176,17
77,325997.5002,4151003.028,23,-98,1,325925.3433,4151245.636,89,176,17
78,325999.5159,4151003.283,23,-95,1,325925.3433,4151245.636,89,176,17
79,326001.9892,4151004.168,23,-91,1,325925.3433,4151245.636,89,176,17
80,326004.4537,4151005.055,23,-91,1,325925.3433,4151245.636,89,176,17
81,326006.9272,4151005.942,23,-89,1,325925.3433,4151245.636,89,176,17
82,326009.3916,4151006.827,23,-85,1,325925.3433,4151245.636,89,176,17
83,326011.8651,4151007.714,23,-81,1,325925.3433,4151245.636,89,176,17
84,326014.3296,4151008.6,23,-83,1,325925.3433,4151245.636,89,176,17
85,326016.803,4151009.486,24,-84,1,325925.3433,4151245.636,89,176,17
86,326019.2675,4151010.372,24,-93,1,325925.3433,4151245.636,89,176,17
87,326021.7409,4151011.258,24,-89,1,325925.3433,4151245.636,89,176,17
88,326024.2054,4151012.146,24,-89,1,325925.3433,4151245.636,89,176,17
89,326026.6787,4151013.031,24,-87,5,326243.9057,4151117.936,51,236,4
90,326029.1433,4151013.917,24,-87,5,326243.9057,4151117.936,51,236,4
91,326031.6168,4151014.804,24,-87,5,326243.9057,4151117.936,51,236,4
92,326034.0812,4151015.689,24,-85,5,326243.9057,4151117.936,51,236,4
93,326036.5546,4151016.576,24,-86,5,326243.9057,4151117.936,51,236,4
94,326039.0191,4151017.463,24,-85,5,326243.9057,4151117.936,51,236,4
95,326041.4925,4151018.348,24,-88,5,326243.9057,4151117.936,51,236,4
96,326043.957,4151019.235,24,-86,5,326243.9057,4151117.936,51,236,4
97,326046.4304,4151020.121,24,-87,5,326243.9057,4151117.936,51,236,4
98,326048.895,4151021.007,24,-84,5,326243.9057,4151117.936,51,236,4
99,326051.3683,4151021.893,24,-86,5,326243.9057,4151117.936,51,236,4
100,326053.8329,4151022.78,24,-86,5,326243.9057,4151117.936,51,236,4
101,326056.3063,4151023.666,24,-82,5,326243.9057,4151117.936,51,236,4
102,326058.7707,4151024.552,24,-84,5,326243.9057,4151117.936,51,236,4
103,326061.2441,4151025.439,25,-83,5,326243.9057,4151117.936,51,236,4
104,326063.7086,4151026.325,25,-83,5,326243.9057,4151117.936,51,236,4
105,326066.182,4151027.211,25,-82,5,326243.9057,4151117.936,51,236,4
106,326068.6465,4151028.097,25,-82,5,326243.9057,4151117.936,51,236,4
107,326071.111,4151028.984,25,-82,5,326243.9057,4151117.936,51,236,4
108,326073.5844,4151029.869,25,-80,5,326243.9057,4151117.936,51,236,4
109,326076.0489,4151030.756,25,-81,5,326243.9057,4151117.936,51,236,4
110,326078.5223,4151031.643,25,-82,5,326243.9057,4151117.936,51,236,4
111,326080.9868,4151032.528,25,-80,5,326243.9057,4151117.936,51,236,4
112,326083.4602,4151033.415,25,-80,5,326243.9057,4151117.936,51,236,4
113,326085.9247,4151034.301,25,-80,5,326243.9057,4151117.936,51,236,4
114,326088.3981,4151035.188,25,-77,5,326243.9057,4151117.936,51,236,4
115,326090.8626,4151036.073,25,-75,5,326243.9057,4151117.936,51,236,4
116,326093.3359,4151036.959,25,-80,5,326243.9057,4151117.936,51,236,4
117,326095.8005,4151037.847,25,-84,5,326243.9057,4151117.936,51,236,4
118,326098.2738,4151038.732,25,-86,5,326243.9057,4151117.936,51,236,4
119,326100.7383,4151039.619,26,-84,5,326243.9057,4151117.936,51,236,4
120,326103.2117,4151040.505,26,-82,5,326243.9057,4151117.936,51,236,4
121,326105.6762,4151041.391,26,-84,5,326243.9057,4151117.936,51,236,4
122,326108.1496,4151042.277,26,-82,5,326243.9057,4151117.936,51,236,4
123,326110.6141,4151043.164,26,-82,5,326243.9057,4151117.936,51,236,4
124,326113.0874,4151044.049,26,-86,5,326243.9057,4151117.936,51,236,4
125,326115.552,4151044.936,26,-87,5,326243.9057,4151117.936,51,236,4
126,326118.0253,4151045.823,26,-87,5,326243.9057,4151117.936,51,236,4
127,326120.4898,4151046.708,26,-97,5,326243.9057,4151117.936,51,236,4
128,326122.9632,4151047.595,26,-90,5,326243.9057,4151117.936,51,236,4
129,326125.4277,4151048.481,26,-93,5,326243.9057,4151117.936,51,236,4
130,326127.9011,4151049.368,26,-97,5,326243.9057,4151117.936,51,236,4
131,326130.3655,4151050.253,26,-100,5,326243.9057,4151117.936,51,236,4
132,326132.8389,4151051.139,26,-97,5,326243.9057,4151117.936,51,236,4
133,326135.3035,4151052.027,26,-94,5,326243.9057,4151117.936,51,236,4
134,326137.7767,4151052.912,26,-88,5,326243.9057,4151117.936,51,236,4
135,326140.2413,4151053.799,27,-88,5,326243.9057,4151117.936,51,236,4
136,326142.7057,4151054.685,27,-88,5,326243.9057,4151117.936,51,236,4
137,326145.1791,4151055.571,27,-88,5,326243.9057,4151117.936,51,236,4
138,326147.6437,4151056.457,27,-88,5,326243.9057,4151117.936,51,236,4
139,326150.117,4151057.344,27,-88,5,326243.9057,4151117.936,51,236,4
140,326152.5815,4151058.23,27,-88,5,326243.9057,4151117.936,51,236,4
141,326155.0548,4151059.116,27,-88,5,326243.9057,4151117.936,51,236,4
142,326157.5193,4151060.003,26,-88,5,326243.9057,4151117.936,51,236,4
143,326159.9927,4151060.889,26,-92,5,326243.9057,4151117.936,51,236,4
144,326162.4572,4151061.775,26,-88,5,326243.9057,4151117.936,51,236,4
145,326164.9306,4151062.661,26,-88,5,326243.9057,4151117.936,51,236,4
146,326167.3951,4151063.548,27,-88,5,326243.9057,4151117.936,51,236,4
147,326169.8684,4151064.433,27,-88,5,326243.9057,4151117.936,51,236,4
148,326172.3329,4151065.321,27,-88,5,326243.9057,4151117.936,51,236,4
149,326174.8062,4151066.207,27,-88,5,326243.9057,4151117.936,51,236,4
150,326177.2707,4151067.093,27,-88,5,326243.9057,4151117.936,51,236,4
151,326179.744,4151067.979,27,-88,5,326243.9057,4151117.936,51,236,4
152,326182.2086,4151068.866,28,-88,5,326243.9057,4151117.936,51,236,4
153,326184.6819,4151069.751,28,-88,5,326243.9057,4151117.936,51,236,4
154,326187.1464,4151070.637,28,-88,5,326243.9057,4151117.936,51,236,4
155,326189.6198,4151071.525,28,-88,5,326243.9057,4151117.936,51,236,4
156,326192.0842,4151072.41,28,-88,5,326243.9057,4151117.936,51,236,4
157,326194.5576,4151073.297,28,-88,5,326243.9057,4151117.936,51,236,4
158,326197.0221,4151074.183,29,-88,5,326243.9057,4151117.936,51,236,4
159,326199.4954,4151075.07,29,-88,5,326243.9057,4151117.936,51,236,4
160,326201.9599,4151075.955,29,-88,5,326243.9057,4151117.936,51,236,4
161,326204.4333,4151076.842,29,-88,5,326243.9057,4151117.936,51,236,4
162,326206.8977,4151077.729,29,-88,5,326243.9057,4151117.936,51,236,4
163,326209.3711,4151078.614,29,-88,5,326243.9057,4151117.936,51,236,4
164,326211.8355,4151079.501,29,-88,5,326243.9057,4151117.936,51,236,4
165,326214.3001,4151080.388,28,-88,5,326243.9057,4151117.936,51,236,4
166,326216.7733,4151081.273,29,-88,5,326243.9057,4151117.936,51,236,4
167,326219.2378,4151082.159,29,-88,5,326243.9057,4151117.936,51,236,4
168,326221.7112,4151083.046,29,-88,5,326243.9057,4151117.936,51,236,4
169,326224.1756,4151083.932,29,-88,5,326243.9057,4151117.936,51,236,4
170,326226.649,4151084.819,29,-88,5,326243.9057,4151117.936,51,236,4
171,326229.1135,4151085.705,29,-88,5,326243.9057,4151117.936,51,236,4
172,326231.5868,4151086.592,29,-88,5,326243.9057,4151117.936,51,236,4
173,326234.0513,4151087.477,29,-88,5,326243.9057,4151117.936,51,236,4
174,326236.5247,4151088.364,29,-88,5,326243.9057,4151117.936,51,236,4
175,326238.9891,4151089.25,29,-88,5,326243.9057,4151117.936,51,236,4
176,326241.4625,4151090.136,29,-89,5,326243.9057,4151117.936,51,236,4
177,326243.9269,4151091.023,29,-90,5,326243.9057,4151117.936,51,236,4
178,326246.4003,4151091.91,29,-90,5,326243.9057,4151117.936,51,236,4
179,326248.8647,4151092.795,29,-91,5,326243.9057,4151117.936,51,236,4
180,326251.3381,4151093.682,29,-94,5,326243.9057,4151117.936,51,236,4
181,326253.8026,4151094.568,29,-96,5,326243.9057,4151117.936,51,236,4
182,326256.2758,4151095.453,30,-96,5,326243.9057,4151117.936,51,236,4
183,326258.7404,4151096.34,30,-99,5,326243.9057,4151117.936,51,236,4
184,326261.2136,4151097.226,30,-101,5,326243.9057,4151117.936,51,236,4
185,326263.6781,4151098.113,30,-101,5,326243.9057,4151117.936,51,236,4
186,326266.1515,4151098.999,30,-99,5,326243.9057,4151117.936,51,236,4
187,326268.6159,4151099.886,30,-93,5,326243.9057,4151117.936,51,236,4
188,326271.0893,4151100.772,30,-101,5,326243.9057,4151117.936,51,236,4
189,326273.5538,4151101.658,30,-87,6,326228.2169,4151247.992,49,161,10
190,326276.0271,4151102.544,30,-90,6,326228.2169,4151247.992,49,161,10
191,326278.4916,4151103.431,30,-84,6,326228.2169,4151247.992,49,161,10
192,326280.9648,4151104.316,31,-84,6,326228.2169,4151247.992,49,161,10
193,326283.4293,4151105.204,30,-85,6,326228.2169,4151247.992,49,161,10
194,325994.8721,4151247.276,22,-89,2,325955.451,4151256.136,89,75,16
195,325995.7351,4151244.881,22,-92,2,325955.451,4151256.136,89,75,16
196,325996.5892,4151242.487,22,-94,2,325955.451,4151256.136,89,75,16
197,325997.4521,4151240.093,22,-98,2,325955.451,4151256.136,89,75,16
198,325998.315,4151237.699,22,-97,2,325955.451,4151256.136,89,75,16
199,325999.178,4151235.304,22,-98,2,325955.451,4151256.136,89,75,16
200,326000.0321,4151232.91,22,-102,2,325955.451,4151256.136,89,75,16
201,326000.895,4151230.515,22,-97,2,325955.451,4151256.136,89,75,16
202,326001.758,4151228.121,22,-101,2,325955.451,4151256.136,89,75,16
203,326002.6209,4151225.726,22,-104,2,325955.451,4151256.136,89,75,16
204,326003.4839,4151223.332,21,-107,2,325955.451,4151256.136,89,75,16
205,326004.338,4151220.938,21,-104,2,325955.451,4151256.136,89,75,16
206,326005.2009,4151218.543,22,-104,2,325955.451,4151256.136,89,75,16
207,326006.0639,4151216.149,22,-101,2,325955.451,4151256.136,89,75,16
208,326006.9268,4151213.754,22,-102,2,325955.451,4151256.136,89,75,16
209,326007.781,4151211.361,22,-101,2,325955.451,4151256.136,89,75,16
210,326008.6439,4151208.966,22,-101,2,325955.451,4151256.136,89,75,16
211,326009.5068,4151206.571,22,-99,2,325955.451,4151256.136,89,75,16
212,326010.3699,4151204.177,22,-108,2,325955.451,4151256.136,89,75,16
213,326012.0868,4151199.388,22,-100,3,326046.434,4151239.016,77,213,16
214,326012.9499,4151196.994,22,-96,3,326046.434,4151239.016,77,213,16
215,326013.8127,4151194.599,22,-92,3,326046.434,4151239.016,77,213,16
216,326014.6758,4151192.206,22,-100,3,326046.434,4151239.016,77,213,16
217,326015.5299,4151189.811,22,-99,3,326046.434,4151239.016,77,213,16
218,326016.3927,4151187.416,22,-96,3,326046.434,4151239.016,77,213,16
219,326017.2557,4151185.021,22,-101,3,326046.434,4151239.016,77,213,16
220,326018.9729,4151180.234,22,-94,3,326046.434,4151239.016,77,213,16
221,326019.8358,4151177.839,22,-97,3,326046.434,4151239.016,77,213,16
222,326020.6988,4151175.444,23,-98,3,326046.434,4151239.016,77,213,16
223,326021.5616,4151173.05,23,-95,3,326046.434,4151239.016,77,213,16
224,326022.4159,4151170.657,23,-97,3,326046.434,4151239.016,77,213,16
225,326023.2788,4151168.262,23,-86,3,326046.434,4151239.016,77,213,16
226,326024.1418,4151165.867,23,-94,3,326046.434,4151239.016,77,213,16
227,326025.0047,4151163.472,23,-98,3,326046.434,4151239.016,77,213,16
228,326025.8588,4151161.078,23,-96,3,326046.434,4151239.016,77,213,16
229,326026.7218,4151158.684,23,-96,3,326046.434,4151239.016,77,213,16
230,326027.5848,4151156.29,23,-91,3,326046.434,4151239.016,77,213,16
231,326028.4477,4151153.895,23,-89,3,326046.434,4151239.016,77,213,16
232,326029.3107,4151151.501,23,-87,3,326046.434,4151239.016,77,213,16
233,326030.1648,4151149.106,23,-88,3,326046.434,4151239.016,77,213,16
234,326031.0278,4151146.712,23,-88,3,326046.434,4151239.016,77,213,16
235,326031.8907,4151144.317,23,-90,3,326046.434,4151239.016,77,213,16
236,326032.7537,4151141.924,23,-96,3,326046.434,4151239.016,77,213,16
237,326033.6078,4151139.529,24,-94,3,326046.434,4151239.016,77,213,16
238,326034.4708,4151137.134,24,-95,3,326046.434,4151239.016,77,213,16
239,326035.3338,4151134.74,24,-91,3,326046.434,4151239.016,77,213,16
240,326036.1967,4151132.346,24,-92,3,326046.434,4151239.016,77,213,16
241,326037.9172,4151128.747,24,-95,3,326046.434,4151239.016,77,213,16
242,326039.4523,4151126.716,24,-97,3,326046.434,4151239.016,77,213,16
243,326040.9874,4151124.685,24,-94,3,326046.434,4151239.016,77,213,16
244,326042.5222,4151122.656,24,-93,3,326046.434,4151239.016,77,213,16
245,326044.0573,4151120.625,24,-98,3,326046.434,4151239.016,77,213,16
246,326045.5836,4151118.593,24,-106,3,326046.434,4151239.016,77,213,16
247,326047.1186,4151116.562,24,-105,3,326046.434,4151239.016,77,213,16
248,326048.6537,4151114.532,24,-96,3,326046.434,4151239.016,77,213,16
249,326050.1886,4151112.502,24,-91,3,326046.434,4151239.016,77,213,16
250,326051.7151,4151110.469,24,-106,3,326046.434,4151239.016,77,213,16
251,326053.2502,4151108.438,24,-105,3,326046.434,4151239.016,77,213,16
252,326054.7852,4151106.408,24,-105,3,326046.434,4151239.016,77,213,16
253,326056.3201,4151104.378,24,-98,3,326046.434,4151239.016,77,213,16
254,326057.8465,4151102.346,24,-101,3,326046.434,4151239.016,77,213,16
255,326060.176,4151098.922,25,-102,3,326046.434,4151239.016,77,213,16
256,326061.1351,4151096.564,25,-101,3,326046.434,4151239.016,77,213,16
257,326062.2671,4151096.977,25,-103,3,326046.434,4151239.016,77,213,16
258,326063.3902,4151097.389,25,-95,2,325955.451,4151256.136,89,75,16
259,326064.5222,4151097.801,25,-111,2,325955.451,4151256.136,89,75,16
260,326065.6453,4151098.213,25,-113,3,326046.434,4151239.016,77,213,16
261,326066.7773,4151098.625,25,-110,3,326046.434,4151239.016,77,213,16
262,326067.9004,4151099.037,25,-116,3,326046.434,4151239.016,77,213,16
263,326069.0324,4151099.45,25,-116,3,326046.434,4151239.016,77,213,16
264,326070.1644,4151099.861,25,-113,5,326243.9057,4151117.936,51,236,4
265,326071.2875,4151100.274,25,-110,5,326243.9057,4151117.936,51,236,4
266,326072.4195,4151100.685,25,-107,5,326243.9057,4151117.936,51,236,4
267,326073.5427,4151101.098,25,-103,5,326243.9057,4151117.936,51,236,4
268,326074.6746,4151101.51,25,-108,5,326243.9057,4151117.936,51,236,4
269,326075.8066,4151101.922,25,-108,5,326243.9057,4151117.936,51,236,4
270,326078.0617,4151102.747,25,-105,5,326243.9057,4151117.936,51,236,4
271,326079.1848,4151103.158,25,-109,5,326243.9057,4151117.936,51,236,4
272,326081.4399,4151103.982,25,-106,3,326046.434,4151239.016,77,213,16
273,326082.5719,4151104.395,25,-102,3,326046.434,4151239.016,77,213,16
274,326083.7039,4151104.807,25,-100,3,326046.434,4151239.016,77,213,16
275,326084.827,4151105.219,25,-103,3,326046.434,4151239.016,77,213,16
276,326085.959,4151105.631,26,-100,5,326243.9057,4151117.936,51,236,4
277,326087.0821,4151106.044,26,-100,5,326243.9057,4151117.936,51,236,4
278,326088.2141,4151106.455,26,-103,5,326243.9057,4151117.936,51,236,4
279,326089.3461,4151106.868,26,-99,5,326243.9057,4151117.936,51,236,4
280,326090.4692,4151107.279,26,-104,5,326243.9057,4151117.936,51,236,4
281,326091.6012,4151107.692,26,-103,5,326243.9057,4151117.936,51,236,4
282,326092.7243,4151108.104,26,-100,5,326243.9057,4151117.936,51,236,4
283,326093.8563,4151108.516,26,-104,5,326243.9057,4151117.936,51,236,4
284,326094.9883,4151108.928,26,-105,5,326243.9057,4151117.936,51,236,4
285,326096.1114,4151109.34,26,-106,5,326243.9057,4151117.936,51,236,4
286,326097.2434,4151109.752,26,-106,5,326243.9057,4151117.936,51,236,4
287,326098.3665,4151110.165,26,-104,5,326243.9057,4151117.936,51,236,4
288,326099.4985,4151110.576,26,-102,5,326243.9057,4151117.936,51,236,4
289,326100.6216,4151110.989,26,-103,5,326243.9057,4151117.936,51,236,4
290,326101.7536,4151111.401,26,-101,5,326243.9057,4151117.936,51,236,4
291,326102.8856,4151111.813,26,-103,5,326243.9057,4151117.936,51,236,4
292,326104.0087,4151112.225,26,-104,5,326243.9057,4151117.936,51,236,4
293,326105.1407,4151112.637,26,-104,5,326243.9057,4151117.936,51,236,4
294,326106.2638,4151113.049,26,-103,5,326243.9057,4151117.936,51,236,4
295,326155.7013,4151129.845,27,-106,5,326243.9057,4151117.936,51,236,4
296,326156.8333,4151130.257,27,-105,5,326243.9057,4151117.936,51,236,4
297,326157.9564,4151130.669,27,-106,5,326243.9057,4151117.936,51,236,4
298,326159.0884,4151131.082,27,-106,5,326243.9057,4151117.936,51,236,4
299,326161.3434,4151131.906,27,-107,5,326243.9057,4151117.936,51,236,4
300,326162.4754,4151132.317,27,-103,5,326243.9057,4151117.936,51,236,4
301,326163.5985,4151132.73,27,-103,5,326243.9057,4151117.936,51,236,4
302,326164.7305,4151133.142,27,-106,5,326243.9057,4151117.936,51,236,4
303,326165.8536,4151133.555,27,-104,5,326243.9057,4151117.936,51,236,4
304,326166.9856,4151133.966,27,-105,5,326243.9057,4151117.936,51,236,4
305,326168.1176,4151134.379,27,-105,5,326243.9057,4151117.936,51,236,4
306,326169.2407,4151134.79,27,-106,5,326243.9057,4151117.936,51,236,4
307,326170.3726,4151135.203,27,-104,5,326243.9057,4151117.936,51,236,4
308,326171.4958,4151135.615,27,-109,5,326243.9057,4151117.936,51,236,4
309,326172.6277,4151136.027,27,-105,5,326243.9057,4151117.936,51,236,4
310,326173.7508,4151136.439,27,-103,5,326243.9057,4151117.936,51,236,4
311,326174.8828,4151136.852,27,-106,5,326243.9057,4151117.936,51,236,4
312,326176.0148,4151137.263,27,-106,5,326243.9057,4151117.936,51,236,4
313,326177.1379,4151137.676,27,-106,5,326243.9057,4151117.936,51,236,4
314,326178.2699,4151138.087,27,-109,5,326243.9057,4151117.936,51,236,4
315,326179.393,4151138.5,27,-109,5,326243.9057,4151117.936,51,236,4
316,326180.5249,4151138.912,27,-107,5,326243.9057,4151117.936,51,236,4
317,326183.912,4151140.149,27,-102,4,326052.99,4151241.566,77,118,18
318,326185.0351,4151140.56,27,-90,4,326052.99,4151241.566,77,118,18
319,326186.1671,4151140.973,27,-97,4,326052.99,4151241.566,77,118,18
320,326187.299,4151141.384,27,-101,4,326052.99,4151241.566,77,118,18
321,326188.4222,4151141.797,27,-100,4,326052.99,4151241.566,77,118,18
322,326189.5541,4151142.209,27,-101,4,326052.99,4151241.566,77,118,18
323,326190.6773,4151142.621,27,-100,4,326052.99,4151241.566,77,118,18
324,326191.8092,4151143.033,27,-103,4,326052.99,4151241.566,77,118,18
325,326192.9323,4151143.446,27,-99,4,326052.99,4151241.566,77,118,18
326,326194.0643,4151143.857,27,-96,4,326052.99,4151241.566,77,118,18
327,326192.8293,4151144.781,27,-88,4,326052.99,4151241.566,77,118,18
328,326192.2834,4151146.346,27,-95,4,326052.99,4151241.566,77,118,18
329,326191.7465,4151147.912,27,-97,4,326052.99,4151241.566,77,118,18
330,326191.2007,4151149.477,27,-98,4,326052.99,4151241.566,77,118,18
331,326190.6549,4151151.044,27,-101,4,326052.99,4151241.566,77,118,18
332,326190.1091,4151152.609,27,-98,4,326052.99,4151241.566,77,118,18
333,326189.5721,4151154.174,27,-101,4,326052.99,4151241.566,77,118,18
334,326189.0264,4151155.74,27,-104,4,326052.99,4151241.566,77,118,18
335,326188.4806,4151157.306,27,-102,4,326052.99,4151241.566,77,118,18
336,326187.9348,4151158.872,27,-105,4,326052.99,4151241.566,77,118,18
337,326187.3978,4151160.437,27,-94,4,326052.99,4151241.566,77,118,18
338,326186.8521,4151162.002,27,-102,4,326052.99,4151241.566,77,118,18
339,326186.3062,4151163.568,27,-96,4,326052.99,4151241.566,77,118,18
340,326185.7605,4151165.134,27,-104,4,326052.99,4151241.566,77,118,18
341,326185.2236,4151166.699,27,-108,4,326052.99,4151241.566,77,118,18
342,326184.6777,4151168.265,27,-106,4,326052.99,4151241.566,77,118,18
343,326184.132,4151169.831,27,-104,4,326052.99,4151241.566,77,118,18
344,326183.5862,4151171.396,27,-103,4,326052.99,4151241.566,77,118,18
345,326183.0492,4151172.962,27,-100,4,326052.99,4151241.566,77,118,18
346,326182.5035,4151174.528,27,-102,4,326052.99,4151241.566,77,118,18
347,326181.9577,4151176.094,27,-99,4,326052.99,4151241.566,77,118,18
348,326181.4119,4151177.659,27,-101,4,326052.99,4151241.566,77,118,18
349,326180.8661,4151179.224,27,-102,4,326052.99,4151241.566,77,118,18
350,326180.3292,4151180.791,27,-99,4,326052.99,4151241.566,77,118,18
351,326179.7834,4151182.356,27,-98,4,326052.99,4151241.566,77,118,18
352,326179.2377,4151183.922,27,-96,4,326052.99,4151241.566,77,118,18
353,326178.6918,4151185.487,27,-96,4,326052.99,4151241.566,77,118,18
354,326178.1549,4151187.053,27,-100,4,326052.99,4151241.566,77,118,18
355,326177.6092,4151188.619,27,-99,4,326052.99,4151241.566,77,118,18
356,326177.0633,4151190.184,27,-98,4,326052.99,4151241.566,77,118,18
357,326176.5176,4151191.751,27,-97,4,326052.99,4151241.566,77,118,18
358,326175.9806,4151193.316,27,-94,4,326052.99,4151241.566,77,118,18
359,326175.4348,4151194.881,27,-93,4,326052.99,4151241.566,77,118,18
360,326174.889,4151196.446,27,-86,4,326052.99,4151241.566,77,118,18
361,326172.7147,4151202.709,27,-92,4,326052.99,4151241.566,77,118,18
362,326172.169,4151204.275,27,-90,4,326052.99,4151241.566,77,118,18
363,326171.632,4151205.841,27,-80,4,326052.99,4151241.566,77,118,18
364,326170.5405,4151208.972,27,-79,4,326052.99,4151241.566,77,118,18
365,326169.9947,4151210.538,27,-77,4,326052.99,4151241.566,77,118,18
366,326169.4489,4151212.103,27,-89,4,326052.99,4151241.566,77,118,18
367,326168.912,4151213.669,27,-94,4,326052.99,4151241.566,77,118,18
368,326168.3662,4151215.234,27,-94,4,326052.99,4151241.566,77,118,18
369,326167.8205,4151216.801,27,-103,4,326052.99,4151241.566,77,118,18
370,326167.2747,4151218.366,27,-96,4,326052.99,4151241.566,77,118,18
371,326166.7377,4151219.931,27,-102,4,326052.99,4151241.566,77,118,18
372,326166.192,4151221.498,27,-106,4,326052.99,4151241.566,77,118,18
373,326163.6525,4151228.315,27,-106,7,326227.519,4151249.798,49,345,17
374,326163.0695,4151229.868,27,-102,7,326227.519,4151249.798,49,345,17
375,326162.4865,4151231.419,27,-102,7,326227.519,4151249.798,49,345,17
376,326161.9036,4151232.972,27,-103,7,326227.519,4151249.798,49,345,17
377,326161.3294,4151234.524,27,-103,7,326227.519,4151249.798,49,345,17
378,326160.7464,4151236.077,27,-103,7,326227.519,4151249.798,49,345,17
379,326160.1634,4151237.628,27,-103,7,326227.519,4151249.798,49,345,17
380,326159.5804,4151239.18,27,-102,7,326227.519,4151249.798,49,345,17
381,326159.0062,4151240.733,27,-103,7,326227.519,4151249.798,49,345,17
382,326158.4233,4151242.286,27,-103,7,326227.519,4151249.798,49,345,17
383,326157.8403,4151243.837,27,-98,7,326227.519,4151249.798,49,345,17
384,326157.2573,4151245.389,27,-103,7,326227.519,4151249.798,49,345,17
385,326156.6743,4151246.942,27,-103,7,326227.519,4151249.798,49,345,17
386,326156.1001,4151248.495,27,-103,7,326227.519,4151249.798,49,345,17
387,326155.5171,4151250.047,27,-106,7,326227.519,4151249.798,49,345,17
388,326154.9341,4151251.598,27,-105,7,326227.519,4151249.798,49,345,17
389,326154.3512,4151253.151,27,-106,7,326227.519,4151249.798,49,345,17
390,326153.777,4151254.703,27,-106,7,326227.519,4151249.798,49,345,17
391,326153.1941,4151256.256,27,-106,7,326227.519,4151249.798,49,345,17
392,326152.6111,4151257.808,27,-104,7,326227.519,4151249.798,49,345,17
393,326152.028,4151259.36,27,-107,7,326227.519,4151249.798,49,345,17
394,326151.454,4151260.912,26,-105,7,326227.519,4151249.798,49,345,17
395,326150.871,4151262.464,26,-106,7,326227.519,4151249.798,49,345,17
396,326150.288,4151264.015,26,-103,7,326227.519,4151249.798,49,345,17
397,326149.705,4151265.569,27,-107,7,326227.519,4151249.798,49,345,17
398,326149.1308,4151267.121,27,-105,7,326227.519,4151249.798,49,345,17
399,326148.5478,4151268.673,27,-93,7,326227.519,4151249.798,49,345,17
400,326147.9649,4151270.225,27,-98,7,326227.519,4151249.798,49,345,17
401,326147.3819,4151271.777,27,-108,7,326227.519,4151249.798,49,345,17
402,326146.8077,4151273.33,27,-108,7,326227.519,4151249.798,49,345,17
403,326145.6417,4151276.435,27,-99,2,325955.451,4151256.136,89,75,16
404,326145.0587,4151277.986,27,-95,2,325955.451,4151256.136,89,75,16
405,326144.4758,4151279.538,26,-91,2,325955.451,4151256.136,89,75,16
406,326143.9017,4151281.091,25,-96,2,325955.451,4151256.136,89,75,16
407,326143.3187,4151282.644,25,-96,2,325955.451,4151256.136,89,75,16
408,326142.7357,4151284.195,25,-96,2,325955.451,4151256.136,89,75,16
409,326142.1527,4151285.747,25,-96,2,325955.451,4151256.136,89,75,16
410,326141.5785,4151287.299,25,-96,2,325955.451,4151256.136,89,75,16
411,326140.9956,4151288.853,25,-94,2,325955.451,4151256.136,89,75,16
412,326140.4126,4151290.404,25,-98,2,325955.451,4151256.136,89,75,16
413,326139.8296,4151291.956,24,-98,2,325955.451,4151256.136,89,75,16
414,326139.2555,4151293.509,24,-96,2,325955.451,4151256.136,89,75,16
415,326138.6724,4151295.061,23,-90,2,325955.451,4151256.136,89,75,16
416,326138.0894,4151296.612,23,-90,2,325955.451,4151256.136,89,75,16
417,326137.5066,4151298.166,23,-89,2,325955.451,4151256.136,89,75,16
418,326136.9324,4151299.718,23,-91,2,325955.451,4151256.136,89,75,16
419,326136.3494,4151301.27,22,-91,2,325955.451,4151256.136,89,75,16
420,326135.7664,4151302.822,22,-97,2,325955.451,4151256.136,89,75,16
421,326135.1834,4151304.374,22,-96,2,325955.451,4151256.136,89,75,16
422,326134.6094,4151305.927,21,-94,2,325955.451,4151256.136,89,75,16
423,326134.0264,4151307.479,21,-87,2,325955.451,4151256.136,89,75,16
424,326130.9048,4151307.767,21,-84,2,325955.451,4151256.136,89,75,16
425,326128.4449,4151306.875,21,-85,2,325955.451,4151256.136,89,75,16
426,326125.9938,4151305.983,21,-84,2,325955.451,4151256.136,89,75,16
427,326123.5339,4151305.091,21,-85,2,325955.451,4151256.136,89,75,16
428,326121.074,4151304.199,22,-79,2,325955.451,4151256.136,89,75,16
429,326118.6141,4151303.306,21,-79,2,325955.451,4151256.136,89,75,16
430,326116.163,4151302.414,21,-82,2,325955.451,4151256.136,89,75,16
431,326113.7031,4151301.522,22,-79,2,325955.451,4151256.136,89,75,16
432,326111.2432,4151300.63,22,-80,2,325955.451,4151256.136,89,75,16
433,326108.7921,4151299.737,21,-79,2,325955.451,4151256.136,89,75,16
434,326106.3322,4151298.845,21,-79,2,325955.451,4151256.136,89,75,16
435,326103.8723,4151297.953,21,-81,2,325955.451,4151256.136,89,75,16
436,326101.4124,4151297.061,21,-81,2,325955.451,4151256.136,89,75,16
437,326098.9613,4151296.169,22,-81,2,325955.451,4151256.136,89,75,16
438,326096.5014,4151295.277,22,-84,2,325955.451,4151256.136,89,75,16
439,326094.0415,4151294.384,21,-85,2,325955.451,4151256.136,89,75,16
440,326091.5904,4151293.492,21,-83,2,325955.451,4151256.136,89,75,16
441,326089.1305,4151292.6,21,-86,2,325955.451,4151256.136,89,75,16
442,326086.6706,4151291.708,21,-88,2,325955.451,4151256.136,89,75,16
443,326084.2107,4151290.816,22,-89,2,325955.451,4151256.136,89,75,16
444,326081.7596,4151289.923,22,-91,2,325955.451,4151256.136,89,75,16
445,326079.2997,4151289.031,21,-88,2,325955.451,4151256.136,89,75,16
446,326076.8398,4151288.139,21,-87,2,325955.451,4151256.136,89,75,16
447,326074.3887,4151287.247,21,-85,2,325955.451,4151256.136,89,75,16
448,326071.9288,4151286.355,21,-85,2,325955.451,4151256.136,89,75,16
449,326069.4688,4151285.462,21,-87,2,325955.451,4151256.136,89,75,16
450,326064.5578,4151283.678,22,-97,2,325955.451,4151256.136,89,75,16
451,326063.4248,4151281.477,22,-98,2,325955.451,4151256.136,89,75,16
452,326064.5352,4151278.285,22,-98,2,325955.451,4151256.136,89,75,16
453,326065.6455,4151275.09,21,-96,2,325955.451,4151256.136,89,75,16
454,326066.7647,4151271.898,22,-101,2,325955.451,4151256.136,89,75,16
455,326067.875,4151268.704,22,-98,2,325955.451,4151256.136,89,75,16
456,326068.9853,4151265.511,22,-94,2,325955.451,4151256.136,89,75,16
457,326070.0957,4151262.317,22,-92,2,325955.451,4151256.136,89,75,16
458,326071.206,4151259.125,23,-89,2,325955.451,4151256.136,89,75,16
459,326072.3252,4151255.931,23,-99,2,325955.451,4151256.136,89,75,16
460,326073.4356,4151252.738,23,-103,2,325955.451,4151256.136,89,75,16
461,326074.546,4151249.545,23,-104,2,325955.451,4151256.136,89,75,16
462,326075.6563,4151246.351,23,-95,3,326046.434,4151239.016,77,213,16
463,326076.7667,4151243.159,24,-103,3,326046.434,4151239.016,77,213,16
464,326078.9962,4151236.772,24,-107,2,325955.451,4151256.136,89,75,16
465,326080.1066,4151233.579,25,-104,4,326052.99,4151241.566,77,118,18
466,326081.2169,4151230.386,25,-100,4,326052.99,4151241.566,77,118,18
467,326082.3273,4151227.192,25,-102,4,326052.99,4151241.566,77,118,18
468,326083.4377,4151224,25,-103,4,326052.99,4151241.566,77,118,18
469,326084.5568,4151220.805,25,-101,4,326052.99,4151241.566,77,118,18
470,326085.6673,4151217.613,26,-106,4,326052.99,4151241.566,77,118,18
471,326086.7776,4151214.419,26,-104,4,326052.99,4151241.566,77,118,18
472,326087.888,4151211.226,26,-105,4,326052.99,4151241.566,77,118,18
473,326088.9983,4151208.033,26,-102,4,326052.99,4151241.566,77,118,18
474,326090.1175,4151204.84,26,-97,4,326052.99,4151241.566,77,118,18
475,326093.4486,4151195.261,26,-110,4,326052.99,4151241.566,77,118,18
476,326094.559,4151192.067,26,-110,4,326052.99,4151241.566,77,118,18
477,326095.6782,4151188.874,26,-109,4,326052.99,4151241.566,77,118,18
478,326096.7886,4151185.681,26,-96,4,326052.99,4151241.566,77,118,18
479,326097.899,4151182.487,26,-105,4,326052.99,4151241.566,77,118,18
480,326099.0094,4151179.294,26,-110,4,326052.99,4151241.566,77,118,18
481,326100.1197,4151176.102,26,-105,4,326052.99,4151241.566,77,118,18
482,326101.2389,4151172.907,26,-101,4,326052.99,4151241.566,77,118,18
483,326102.3493,4151169.715,26,-109,4,326052.99,4151241.566,77,118,18
484,326103.4597,4151166.521,26,-108,4,326052.99,4151241.566,77,118,18
485,326104.57,4151163.328,26,-111,4,326052.99,4151241.566,77,118,18
486,326105.6805,4151160.135,26,-108,6,326228.2169,4151247.992,49,161,10
487,326106.7997,4151156.942,27,-105,6,326228.2169,4151247.992,49,161,10
488,326107.9101,4151153.748,27,-108,6,326228.2169,4151247.992,49,161,10
489,326109.0205,4151150.555,27,-112,6,326228.2169,4151247.992,49,161,10
490,326110.1308,4151147.363,27,-109,5,326243.9057,4151117.936,51,236,4
491,326111.2412,4151144.169,27,-109,5,326243.9057,4151117.936,51,236,4
492,326112.3604,4151140.976,27,-108,5,326243.9057,4151117.936,51,236,4
493,326113.4708,4151137.783,27,-108,4,326052.99,4151241.566,77,118,18
494,326115.6916,4151131.396,27,-99,5,326243.9057,4151117.936,51,236,4
495,326116.8021,4151128.204,27,-93,5,326243.9057,4151117.936,51,236,4
496,326117.9212,4151125.009,27,-87,5,326243.9057,4151117.936,51,236,4
497,326119.0317,4151121.817,27,-98,5,326243.9057,4151117.936,51,236,4
498,326120.142,4151118.622,26,-102,5,326243.9057,4151117.936,51,236,4
499,326121.2524,4151115.43,26,-103,5,326243.9057,4151117.936,51,236,4
500,326122.3628,4151112.237,27,-104,5,326243.9057,4151117.936,51,236,4
501,326123.4732,4151109.043,27,-105,5,326243.9057,4151117.936,51,236,4
502,326124.5924,4151105.85,27,-103,5,326243.9057,4151117.936,51,236,4
503,326125.7028,4151102.657,27,-103,5,326243.9057,4151117.936,51,236,4
504,326126.8132,4151099.464,26,-102,5,326243.9057,4151117.936,51,236,4
505,326127.9237,4151096.271,26,-101,5,326243.9057,4151117.936,51,236,4
506,326129.0341,4151093.078,26,-99,5,326243.9057,4151117.936,51,236,4
507,326131.2637,4151086.691,26,-88,5,326243.9057,4151117.936,51,236,4
508,326132.3741,4151083.498,26,-81,5,326243.9057,4151117.936,51,236,4
509,326133.4845,4151080.305,26,-90,5,326243.9057,4151117.936,51,236,4
510,326134.5949,4151077.111,26,-89,5,326243.9057,4151117.936,51,236,4
511,326135.7141,4151073.919,27,-96,5,326243.9057,4151117.936,51,236,4
512,326136.8245,4151070.724,27,-93,5,326243.9057,4151117.936,51,236,4
513,326137.9349,4151067.532,27,-94,5,326243.9057,4151117.936,51,236,4
514,326132.6519,4151065.402,26,-91,5,326243.9057,4151117.936,51,236,4
515,326128.8185,4151063.976,26,-92,5,326243.9057,4151117.936,51,236,4
516,326124.9764,4151062.551,26,-94,5,326243.9057,4151117.936,51,236,4
517,326121.1431,4151061.125,26,-94,5,326243.9057,4151117.936,51,236,4
518,326117.3009,4151059.698,26,-91,5,326243.9057,4151117.936,51,236,4
519,326113.4676,4151058.272,26,-92,5,326243.9057,4151117.936,51,236,4
520,326109.6254,4151056.847,26,-99,5,326243.9057,4151117.936,51,236,4
521,326105.7921,4151055.421,26,-97,5,326243.9057,4151117.936,51,236,4
522,326101.9499,4151053.995,26,-96,5,326243.9057,4151117.936,51,236,4
523,326098.1166,4151052.569,26,-98,5,326243.9057,4151117.936,51,236,4
524,326094.2744,4151051.144,26,-99,5,326243.9057,4151117.936,51,236,4
525,326090.4411,4151049.717,26,-100,5,326243.9057,4151117.936,51,236,4
526,326086.5989,4151048.291,26,-99,5,326243.9057,4151117.936,51,236,4
527,326082.7567,4151046.865,25,-100,5,326243.9057,4151117.936,51,236,4
528,326078.9234,4151045.44,25,-102,5,326243.9057,4151117.936,51,236,4
529,326075.0812,4151044.014,25,-101,5,326243.9057,4151117.936,51,236,4
530,326071.2478,4151042.588,25,-102,5,326243.9057,4151117.936,51,236,4
531,326067.4056,4151041.162,25,-103,5,326243.9057,4151117.936,51,236,4
532,326059.7301,4151038.311,25,-105,5,326243.9057,4151117.936,51,236,4
533,326055.8968,4151036.884,25,-106,5,326243.9057,4151117.936,51,236,4
534,326052.0546,4151035.458,24,-107,5,326243.9057,4151117.936,51,236,4
535,326048.2212,4151034.033,24,-103,5,326243.9057,4151117.936,51,236,4
536,326044.379,4151032.607,24,-107,5,326243.9057,4151117.936,51,236,4
537,326040.5368,4151031.181,24,-106,5,326243.9057,4151117.936,51,236,4
538,326036.7035,4151029.755,24,-108,5,326243.9057,4151117.936,51,236,4
539,326032.8613,4151028.33,24,-107,5,326243.9057,4151117.936,51,236,4
540,326029.0279,4151026.904,24,-103,5,326243.9057,4151117.936,51,236,4
541,326025.1857,4151025.478,24,-109,5,326243.9057,4151117.936,51,236,4
542,326021.3524,4151024.052,24,-107,1,325925.3433,4151245.636,89,176,17
543,326017.5102,4151022.627,23,-103,1,325925.3433,4151245.636,89,176,17
544,326013.6768,4151021.2,23,-108,1,325925.3433,4151245.636,89,176,17
545,326009.8346,4151019.774,23,-104,1,325925.3433,4151245.636,89,176,17
546,326006.0012,4151018.348,23,-84,1,325925.3433,4151245.636,89,176,17
547,326002.1591,4151016.923,23,-90,1,325925.3433,4151245.636,89,176,17
548,325998.3257,4151015.497,23,-98,1,325925.3433,4151245.636,89,176,17
549,325994.4835,4151014.071,23,-99,1,325925.3433,4151245.636,89,176,17
550,325989.2019,4151016.087,23,-100,1,325925.3433,4151245.636,89,176,17
551,325988.2454,4151019.621,23,-102,1,325925.3433,4151245.636,89,176,17
552,325986.9875,4151023.146,23,-101,1,325925.3433,4151245.636,89,176,17
553,325985.7384,4151026.669,23,-97,1,325925.3433,4151245.636,89,176,17
554,325984.4804,4151030.192,23,-95,1,325925.3433,4151245.636,89,176,17
555,325983.2311,4151033.715,23,-98,1,325925.3433,4151245.636,89,176,17
556,325981.9732,4151037.239,23,-95,1,325925.3433,4151245.636,89,176,17
557,325980.7152,4151040.762,23,-92,1,325925.3433,4151245.636,89,176,17
558,325979.4661,4151044.285,23,-93,1,325925.3433,4151245.636,89,176,17
559,325978.2081,4151047.809,23,-90,1,325925.3433,4151245.636,89,176,17
560,325976.9589,4151051.332,23,-86,1,325925.3433,4151245.636,89,176,17
561,325975.7011,4151054.856,23,-89,1,325925.3433,4151245.636,89,176,17
562,325974.4517,4151058.377,22,-89,1,325925.3433,4151245.636,89,176,17
563,325973.1938,4151061.902,22,-92,1,325925.3433,4151245.636,89,176,17
564,325978.5981,4151065.984,23,-93,1,325925.3433,4151245.636,89,176,17
565,325981.5516,4151067.062,23,-92,1,325925.3433,4151245.636,89,176,17
566,325984.5138,4151068.139,23,-99,1,325925.3433,4151245.636,89,176,17
567,325987.4671,4151069.217,23,-103,1,325925.3433,4151245.636,89,176,17
568,325990.4295,4151070.295,23,-109,1,325925.3433,4151245.636,89,176,17
569,325993.3828,4151071.372,23,-114,1,325925.3433,4151245.636,89,176,17
570,325996.3451,4151072.45,23,-116,1,325925.3433,4151245.636,89,176,17
571,325999.2985,4151073.527,23,-110,1,325925.3433,4151245.636,89,176,17
572,326002.2608,4151074.604,23,-104,1,325925.3433,4151245.636,89,176,17
573,326005.2141,4151075.683,23,-117,1,325925.3433,4151245.636,89,176,17
574,326008.1764,4151076.76,23,-116,1,325925.3433,4151245.636,89,176,17
575,326011.1298,4151077.837,23,-110,1,325925.3433,4151245.636,89,176,17
576,326014.092,4151078.916,23,-102,2,325955.451,4151256.136,89,75,16
577,326017.0454,4151079.993,23,-104,2,325955.451,4151256.136,89,75,16
578,326020.0076,4151081.07,24,-103,2,325955.451,4151256.136,89,75,16
579,326022.9611,4151082.148,24,-112,2,325955.451,4151256.136,89,75,16
580,326025.9232,4151083.225,24,-114,2,325955.451,4151256.136,89,75,16
581,326028.8767,4151084.304,24,-114,2,325955.451,4151256.136,89,75,16
582,326031.8389,4151085.381,24,-118,2,325955.451,4151256.136,89,75,16
583,326034.7922,4151086.458,24,-110,3,326046.434,4151239.016,77,213,16
584,326037.7545,4151087.537,24,-100,3,326046.434,4151239.016,77,213,16
585,326040.7079,4151088.613,24,-110,3,326046.434,4151239.016,77,213,16
586,326043.6702,4151089.691,24,-106,3,326046.434,4151239.016,77,213,16
587,326046.6235,4151090.769,24,-96,3,326046.434,4151239.016,77,213,16
588,326049.5858,4151091.846,24,-105,3,326046.434,4151239.016,77,213,16
589,326052.5391,4151092.925,24,-100,2,325955.451,4151256.136,89,75,16
590,326058.4547,4151095.079,25,-112,5,326243.9057,4151117.936,51,236,4
591,326061.417,4151096.158,25,-109,5,326243.9057,4151117.936,51,236,4
592,326064.3704,4151097.234,25,-112,5,326243.9057,4151117.936,51,236,4
593,326067.3325,4151098.312,25,-111,5,326243.9057,4151117.936,51,236,4
594,326070.286,4151099.389,25,-110,5,326243.9057,4151117.936,51,236,4
595,326073.2482,4151100.467,25,-112,5,326243.9057,4151117.936,51,236,4
596,326076.2104,4151101.545,25,-116,4,326052.99,4151241.566,77,118,18
597,326085.0794,4151104.779,26,-106,4,326052.99,4151241.566,77,118,18
598,326088.0416,4151105.855,26,-105,4,326052.99,4151241.566,77,118,18
599,326090.995,4151106.933,26,-102,4,326052.99,4151241.566,77,118,18
600,326094.4242,4151107.58,26,-110,4,326052.99,4151241.566,77,118,18
601,326097.3664,4151108.688,26,-107,5,326243.9057,4151117.936,51,236,4
602,326100.3174,4151109.796,26,-110,5,326243.9057,4151117.936,51,236,4
603,326103.2595,4151110.904,26,-109,5,326243.9057,4151117.936,51,236,4
604,326106.2104,4151112.012,26,-105,3,326046.434,4151239.016,77,213,16
605,326109.1526,4151113.12,26,-107,3,326046.434,4151239.016,77,213,16
606,326112.1035,4151114.228,26,-103,3,326046.434,4151239.016,77,213,16
607,326115.0457,4151115.337,27,-102,3,326046.434,4151239.016,77,213,16
608,326117.9966,4151116.444,27,-104,3,326046.434,4151239.016,77,213,16
609,326120.9387,4151117.552,26,-105,3,326046.434,4151239.016,77,213,16
610,326123.8897,4151118.66,26,-99,5,326243.9057,4151117.936,51,236,4
611,326126.8318,4151119.768,27,-108,5,326243.9057,4151117.936,51,236,4
612,326129.7828,4151120.876,27,-106,5,326243.9057,4151117.936,51,236,4
613,326132.7249,4151121.984,27,-106,5,326243.9057,4151117.936,51,236,4
614,326135.6759,4151123.092,27,-105,5,326243.9057,4151117.936,51,236,4
615,326138.618,4151124.2,27,-104,5,326243.9057,4151117.936,51,236,4
616,326141.5689,4151125.308,27,-104,5,326243.9057,4151117.936,51,236,4
617,326144.5111,4151126.416,27,-104,5,326243.9057,4151117.936,51,236,4
618,326147.462,4151127.524,27,-103,5,326243.9057,4151117.936,51,236,4
619,326150.4041,4151128.632,27,-106,5,326243.9057,4151117.936,51,236,4
620,326153.3551,4151129.74,27,-106,5,326243.9057,4151117.936,51,236,4
621,326156.2972,4151130.848,27,-107,5,326243.9057,4151117.936,51,236,4
622,326159.2482,4151131.956,27,-106,5,326243.9057,4151117.936,51,236,4
623,326162.1903,4151133.064,27,-110,5,326243.9057,4151117.936,51,236,4
624,326165.1412,4151134.172,27,-109,5,326243.9057,4151117.936,51,236,4
625,326168.0922,4151135.281,27,-112,5,326243.9057,4151117.936,51,236,4
626,326171.0343,4151136.388,27,-108,4,326052.99,4151241.566,77,118,18
627,326174.0654,4151137.589,27,-105,4,326052.99,4151241.566,77,118,18
628,326177.0368,4151138.616,27,-98,4,326052.99,4151241.566,77,118,18
629,326180.017,4151139.642,27,-101,4,326052.99,4151241.566,77,118,18
630,326182.9884,4151140.67,27,-101,4,326052.99,4151241.566,77,118,18
631,326185.9685,4151141.696,27,-101,4,326052.99,4151241.566,77,118,18
632,326188.9399,4151142.724,27,-103,4,326052.99,4151241.566,77,118,18
633,326191.9201,4151143.75,27,-102,4,326052.99,4151241.566,77,118,18
634,326194.8915,4151144.777,27,-99,4,326052.99,4151241.566,77,118,18
635,326197.8716,4151145.805,27,-103,4,326052.99,4151241.566,77,118,18
636,326200.843,4151146.831,26,-104,4,326052.99,4151241.566,77,118,18
637,326203.8232,4151147.858,26,-100,4,326052.99,4151241.566,77,118,18
638,326206.7945,4151148.884,26,-102,4,326052.99,4151241.566,77,118,18
639,326209.7747,4151149.911,26,-104,4,326052.99,4151241.566,77,118,18
640,326215.7262,4151151.965,26,-110,6,326228.2169,4151247.992,49,161,10
641,326221.6777,4151154.018,26,-114,4,326052.99,4151241.566,77,118,18
642,326224.6492,4151155.046,26,-104,6,326228.2169,4151247.992,49,161,10
643,326227.6293,4151156.073,27,-107,6,326228.2169,4151247.992,49,161,10
644,326230.6006,4151157.099,27,-104,6,326228.2169,4151247.992,49,161,10
645,326233.5808,4151158.127,27,-108,6,326228.2169,4151247.992,49,161,10
646,326239.5323,4151160.181,27,-102,6,326228.2169,4151247.992,49,161,10
647,326242.5037,4151161.208,27,-100,6,326228.2169,4151247.992,49,161,10
648,326245.4838,4151162.234,27,-97,6,326228.2169,4151247.992,49,161,10
649,326248.4551,4151163.261,27,-100,6,326228.2169,4151247.992,49,161,10
650,326251.4354,4151164.289,27,-100,6,326228.2169,4151247.992,49,161,10
651,326254.4066,4151165.315,27,-92,6,326228.2169,4151247.992,49,161,10
652,326257.3869,4151166.342,27,-92,6,326228.2169,4151247.992,49,161,10
653,326260.3581,4151167.369,27,-94,6,326228.2169,4151247.992,49,161,10
654,326263.3384,4151168.396,27,-87,6,326228.2169,4151247.992,49,161,10
655,326265.7385,4151166.155,27,-94,6,326228.2169,4151247.992,49,161,10
656,326267.0618,4151162.556,27,-97,6,326228.2169,4151247.992,49,161,10
657,326268.3766,4151158.96,28,-97,6,326228.2169,4151247.992,49,161,10
658,326269.6999,4151155.362,28,-98,6,326228.2169,4151247.992,49,161,10
659,326271.0234,4151151.766,28,-100,6,326228.2169,4151247.992,49,161,10
660,326272.3468,4151148.167,28,-99,6,326228.2169,4151247.992,49,161,10
661,326273.6615,4151144.57,28,-99,6,326228.2169,4151247.992,49,161,10
662,326274.9849,4151140.973,28,-99,6,326228.2169,4151247.992,49,161,10
663,326276.3084,4151137.375,29,-97,6,326228.2169,4151247.992,49,161,10
664,326277.6317,4151133.777,30,-101,6,326228.2169,4151247.992,49,161,10
665,326278.9464,4151130.181,30,-100,6,326228.2169,4151247.992,49,161,10
666,326281.5933,4151122.985,30,-103,6,326228.2169,4151247.992,49,161,10
667,326280.4069,4151117.951,30,-106,6,326228.2169,4151247.992,49,161,10
668,326276.1831,4151116.413,30,-94,5,326243.9057,4151117.936,51,236,4
669,326271.9596,4151114.877,30,-95,5,326243.9057,4151117.936,51,236,4
670,326267.736,4151113.339,30,-97,5,326243.9057,4151117.936,51,236,4
671,326263.5124,4151111.802,29,-94,5,326243.9057,4151117.936,51,236,4
672,326259.2888,4151110.266,29,-95,5,326243.9057,4151117.936,51,236,4
673,326255.0652,4151108.728,29,-95,5,326243.9057,4151117.936,51,236,4
674,326250.8416,4151107.191,29,-100,5,326243.9057,4151117.936,51,236,4
675,326246.6268,4151105.653,29,-104,5,326243.9057,4151117.936,51,236,4
676,326242.4032,4151104.117,29,-96,5,326243.9057,4151117.936,51,236,4
677,326238.1796,4151102.579,29,-97,5,326243.9057,4151117.936,51,236,4
678,326233.956,4151101.042,29,-94,5,326243.9057,4151117.936,51,236,4
679,326229.7324,4151099.506,29,-92,5,326243.9057,4151117.936,51,236,4
680,326225.5087,4151097.968,29,-85,5,326243.9057,4151117.936,51,236,4
681,326221.2852,4151096.432,29,-92,5,326243.9057,4151117.936,51,236,4
682,326217.0615,4151094.894,28,-92,5,326243.9057,4151117.936,51,236,4
683,326212.8379,4151093.357,28,-96,5,326243.9057,4151117.936,51,236,4
684,326208.6143,4151091.821,28,-96,5,326243.9057,4151117.936,51,236,4
685,326204.3907,4151090.283,28,-95,5,326243.9057,4151117.936,51,236,4
686,326200.167,4151088.746,28,-95,5,326243.9057,4151117.936,51,236,4
687,326195.9434,4151087.209,27,-89,5,326243.9057,4151117.936,51,236,4
688,326191.7198,4151085.672,27,-92,5,326243.9057,4151117.936,51,236,4
689,326187.4961,4151084.135,28,-86,5,326243.9057,4151117.936,51,236,4
690,326183.2725,4151082.598,27,-86,5,326243.9057,4151117.936,51,236,4
691,326179.0489,4151081.061,27,-87,5,326243.9057,4151117.936,51,236,4
692,326174.834,4151079.522,27,-91,5,326243.9057,4151117.936,51,236,4
693,326170.6104,4151077.986,27,-84,5,326243.9057,4151117.936,51,236,4
694,326166.3867,4151076.448,27,-81,5,326243.9057,4151117.936,51,236,4
695,326162.1631,4151074.911,26,-80,5,326243.9057,4151117.936,51,236,4
696,326157.9396,4151073.375,26,-79,5,326243.9057,4151117.936,51,236,4
697,326153.7159,4151071.837,27,-93,5,326243.9057,4151117.936,51,236,4
698,326149.4922,4151070.3,27,-92,5,326243.9057,4151117.936,51,236,4
699,326145.2686,4151068.763,27,-88,5,326243.9057,4151117.936,51,236,4
700,326141.0449,4151067.226,27,-87,5,326243.9057,4151117.936,51,236,4
701,326140.3223,4151072.357,27,-91,5,326243.9057,4151117.936,51,236,4
702,326138.9939,4151076.028,27,-92,5,326243.9057,4151117.936,51,236,4
703,326137.6655,4151079.702,27,-91,5,326243.9057,4151117.936,51,236,4
704,326134.9999,4151087.047,26,-97,5,326243.9057,4151117.936,51,236,4
705,326133.6715,4151090.721,26,-107,5,326243.9057,4151117.936,51,236,4
706,326131.0147,4151098.067,26,-101,3,326046.434,4151239.016,77,213,16
707,326129.6863,4151101.738,27,-103,3,326046.434,4151239.016,77,213,16
708,326127.0295,4151109.086,27,-104,5,326243.9057,4151117.936,51,236,4
709,326124.3728,4151116.431,26,-101,3,326046.434,4151239.016,77,213,16
710,326123.0444,4151120.103,26,-107,3,326046.434,4151239.016,77,213,16
711,326120.3788,4151127.45,26,-110,6,326228.2169,4151247.992,49,161,10
712,326119.0504,4151131.122,27,-109,6,326228.2169,4151247.992,49,161,10
713,326117.722,4151134.795,27,-113,6,326228.2169,4151247.992,49,161,10
714,326116.3936,4151138.467,27,-115,6,326228.2169,4151247.992,49,161,10
715,326115.0653,4151142.141,27,-110,3,326046.434,4151239.016,77,213,16
716,326111.5769,4151149.191,27,-108,4,326052.99,4151241.566,77,118,18
717,326110.2961,4151152.881,27,-112,4,326052.99,4151241.566,77,118,18
718,326109.0152,4151156.571,27,-110,4,326052.99,4151241.566,77,118,18
719,326107.7255,4151160.26,26,-115,4,326052.99,4151241.566,77,118,18
720,326106.4447,4151163.951,26,-113,4,326052.99,4151241.566,77,118,18
721,326105.1639,4151167.64,26,-115,4,326052.99,4151241.566,77,118,18
722,326103.883,4151171.33,26,-112,4,326052.99,4151241.566,77,118,18
723,326102.6021,4151175.019,26,-107,4,326052.99,4151241.566,77,118,18
724,326101.3213,4151178.709,26,-114,4,326052.99,4151241.566,77,118,18
725,326100.0404,4151182.399,26,-109,4,326052.99,4151241.566,77,118,18
726,326098.7597,4151186.088,26,-109,4,326052.99,4151241.566,77,118,18
727,326097.4788,4151189.779,26,-108,4,326052.99,4151241.566,77,118,18
728,326096.1892,4151193.467,26,-99,4,326052.99,4151241.566,77,118,18
729,326094.9083,4151197.158,26,-103,4,326052.99,4151241.566,77,118,18
730,326093.6275,4151200.848,26,-105,4,326052.99,4151241.566,77,118,18
731,326091.0658,4151208.227,26,-101,2,325955.451,4151256.136,89,75,16
732,326089.785,4151211.916,26,-104,2,325955.451,4151256.136,89,75,16
733,326088.5042,4151215.607,26,-96,2,325955.451,4151256.136,89,75,16
734,326087.2233,4151219.296,26,-95,2,325955.451,4151256.136,89,75,16
735,326085.9426,4151222.985,26,-100,2,325955.451,4151256.136,89,75,16
736,326084.6617,4151226.676,25,-87,2,325955.451,4151256.136,89,75,16
737,326083.372,4151230.365,25,-97,2,325955.451,4151256.136,89,75,16
738,326082.0912,4151234.055,25,-90,2,325955.451,4151256.136,89,75,16
739,326080.8105,4151237.745,25,-89,2,325955.451,4151256.136,89,75,16
740,326079.5296,4151241.434,24,-103,2,325955.451,4151256.136,89,75,16
741,326078.2487,4151245.124,23,-102,2,325955.451,4151256.136,89,75,16
742,326076.968,4151248.814,23,-94,2,325955.451,4151256.136,89,75,16
743,326075.6871,4151252.503,23,-86,2,325955.451,4151256.136,89,75,16
744,326074.4063,4151256.193,23,-90,2,325955.451,4151256.136,89,75,16
745,326073.1255,4151259.883,23,-92,2,325955.451,4151256.136,89,75,16
746,326071.8447,4151263.573,22,-94,2,325955.451,4151256.136,89,75,16
747,326070.555,4151267.262,22,-91,2,325955.451,4151256.136,89,75,16
748,326069.2743,4151270.952,22,-93,2,325955.451,4151256.136,89,75,16
749,326067.9934,4151274.643,22,-96,2,325955.451,4151256.136,89,75,16
750,326066.7127,4151278.331,21,-98,2,325955.451,4151256.136,89,75,16
